vaccine,vaccine,0
vaccine,l18f,nan
vaccine,t19r,nan
vaccine,t20n,nan
vaccine,p26s,nan
vaccine,69-70d,nan
vaccine,d80a,nan
vaccine,t95i,nan
vaccine,d138y,nan
vaccine,g142d,nan
vaccine,144d,nan
vaccine,e154k,nan
vaccine,d156-157,nan
vaccine,r190s,nan
vaccine,d215g,nan
vaccine,a222v,nan
vaccine,242-244d,nan
vaccine,r246i,nan
vaccine,s247r,nan
vaccine,k417n,nan
vaccine,k417t,nan
vaccine,l452r,nan
vaccine,t478k,nan
vaccine,e484q,nan
vaccine,e484k,nan
vaccine,n501y,nan
vaccine,a570d,nan
vaccine,d614g,nan
vaccine,h655y,nan
vaccine,p681r,nan
vaccine,p681h,-0.184294
vaccine,a701v,nan
vaccine,t716i,nan
vaccine,d950n,nan
vaccine,s982a,0.508297
vaccine,t1027i,nan
vaccine,q1071h,nan
vaccine,d1118h,0.0964145
vaccine,v1176f,0.334006
l18f,vaccine,nan
l18f,l18f,0
l18f,t19r,nan
l18f,t20n,nan
l18f,p26s,nan
l18f,69-70d,nan
l18f,d80a,0.122344
l18f,t95i,-0.370721
l18f,d138y,-0.171585
l18f,g142d,nan
l18f,144d,nan
l18f,e154k,nan
l18f,d156-157,-0.184474
l18f,r190s,-0.191255
l18f,d215g,0.0507337
l18f,a222v,nan
l18f,242-244d,0.227042
l18f,r246i,-0.164482
l18f,s247r,nan
l18f,k417n,0.0282663
l18f,k417t,-0.384048
l18f,l452r,-0.183509
l18f,t478k,nan
l18f,e484q,-0.280409
l18f,e484k,0.61482
l18f,n501y,-0.125256
l18f,a570d,nan
l18f,d614g,nan
l18f,h655y,nan
l18f,p681r,-0.304821
l18f,p681h,nan
l18f,a701v,0.147057
l18f,t716i,nan
l18f,d950n,-0.0754542
l18f,s982a,-0.00806116
l18f,t1027i,nan
l18f,q1071h,-0.375223
l18f,d1118h,-0.506476
l18f,v1176f,-0.484535
t19r,vaccine,nan
t19r,l18f,nan
t19r,t19r,0
t19r,t20n,nan
t19r,p26s,nan
t19r,69-70d,nan
t19r,d80a,nan
t19r,t95i,0.0763299
t19r,d138y,nan
t19r,g142d,nan
t19r,144d,-0.0426989
t19r,e154k,nan
t19r,d156-157,nan
t19r,r190s,nan
t19r,d215g,nan
t19r,a222v,0.184487
t19r,242-244d,nan
t19r,r246i,nan
t19r,s247r,nan
t19r,k417n,nan
t19r,k417t,-0.00973132
t19r,l452r,0.265645
t19r,t478k,nan
t19r,e484q,0.14042
t19r,e484k,nan
t19r,n501y,0.37463
t19r,a570d,nan
t19r,d614g,nan
t19r,h655y,nan
t19r,p681r,0.196646
t19r,p681h,nan
t19r,a701v,nan
t19r,t716i,nan
t19r,d950n,nan
t19r,s982a,0.24288
t19r,t1027i,nan
t19r,q1071h,0.0522037
t19r,d1118h,-0.211648
t19r,v1176f,-0.133119
t20n,vaccine,nan
t20n,l18f,nan
t20n,t19r,0.0330493
t20n,t20n,0
t20n,p26s,nan
t20n,69-70d,nan
t20n,d80a,nan
t20n,t95i,0.082844
t20n,d138y,0.404215
t20n,g142d,nan
t20n,144d,-0.016353
t20n,e154k,-0.206365
t20n,d156-157,0.345431
t20n,r190s,0.367644
t20n,d215g,nan
t20n,a222v,0.141466
t20n,242-244d,nan
t20n,r246i,nan
t20n,s247r,nan
t20n,k417n,nan
t20n,k417t,0.0041396
t20n,l452r,0.251687
t20n,t478k,0.0104329
t20n,e484q,0.140782
t20n,e484k,nan
t20n,n501y,0.338997
t20n,a570d,nan
t20n,d614g,nan
t20n,h655y,nan
t20n,p681r,0.183084
t20n,p681h,nan
t20n,a701v,0.636988
t20n,t716i,nan
t20n,d950n,0.465854
t20n,s982a,0.244118
t20n,t1027i,nan
t20n,q1071h,0.0615243
t20n,d1118h,-0.189981
t20n,v1176f,-0.110721
p26s,vaccine,nan
p26s,l18f,nan
p26s,t19r,0.145057
p26s,t20n,nan
p26s,p26s,0
p26s,69-70d,nan
p26s,d80a,nan
p26s,t95i,0.142146
p26s,d138y,nan
p26s,g142d,-0.138872
p26s,144d,0.0578585
p26s,e154k,-0.0742491
p26s,d156-157,0.41426
p26s,r190s,0.452598
p26s,d215g,nan
p26s,a222v,0.223992
p26s,242-244d,nan
p26s,r246i,nan
p26s,s247r,nan
p26s,k417n,nan
p26s,k417t,0.0571413
p26s,l452r,0.302556
p26s,t478k,0.120332
p26s,e484q,0.193486
p26s,e484k,nan
p26s,n501y,0.392043
p26s,a570d,nan
p26s,d614g,nan
p26s,h655y,nan
p26s,p681r,0.244357
p26s,p681h,-0.435973
p26s,a701v,0.693546
p26s,t716i,nan
p26s,d950n,0.550391
p26s,s982a,0.272151
p26s,t1027i,nan
p26s,q1071h,0.119245
p26s,d1118h,-0.141305
p26s,v1176f,-0.055908
69-70d,vaccine,-0.447266
69-70d,l18f,nan
69-70d,t19r,-0.126529
69-70d,t20n,-0.151216
69-70d,p26s,-0.22663
69-70d,69-70d,0
69-70d,d80a,nan
69-70d,t95i,-0.0595581
69-70d,d138y,0.0940407
69-70d,g142d,-0.265641
69-70d,144d,-0.131396
69-70d,e154k,-0.227103
69-70d,d156-157,0.0808426
69-70d,r190s,0.0798209
69-70d,d215g,0.301437
69-70d,a222v,-0.0598339
69-70d,242-244d,0.409353
69-70d,r246i,0.116996
69-70d,s247r,-0.586781
69-70d,k417n,0.257876
69-70d,k417t,-0.101193
69-70d,l452r,0.0621299
69-70d,t478k,-0.134192
69-70d,e484q,-0.0119978
69-70d,e484k,0.769648
69-70d,n501y,0.111789
69-70d,a570d,nan
69-70d,d614g,nan
69-70d,h655y,nan
69-70d,p681r,-0.00524634
69-70d,p681h,-0.471514
69-70d,a701v,0.33259
69-70d,t716i,-0.172588
69-70d,d950n,0.158563
69-70d,s982a,0.141526
69-70d,t1027i,-0.0506309
69-70d,q1071h,-0.0701178
69-70d,d1118h,-0.242722
69-70d,v1176f,-0.183378
d80a,vaccine,nan
d80a,l18f,nan
d80a,t19r,nan
d80a,t20n,nan
d80a,p26s,nan
d80a,69-70d,nan
d80a,d80a,0
d80a,t95i,nan
d80a,d138y,-0.301936
d80a,g142d,nan
d80a,144d,nan
d80a,e154k,nan
d80a,d156-157,-0.317431
d80a,r190s,-0.335954
d80a,d215g,-0.0189613
d80a,a222v,nan
d80a,242-244d,0.194965
d80a,r246i,-0.322065
d80a,s247r,nan
d80a,k417n,-0.0365125
d80a,k417t,nan
d80a,l452r,-0.290814
d80a,t478k,nan
d80a,e484q,-0.443638
d80a,e484k,0.608198
d80a,n501y,-0.216137
d80a,a570d,nan
d80a,d614g,nan
d80a,h655y,nan
d80a,p681r,nan
d80a,p681h,nan
d80a,a701v,0.107903
d80a,t716i,nan
d80a,d950n,-0.157219
d80a,s982a,-0.0468834
d80a,t1027i,nan
d80a,q1071h,nan
d80a,d1118h,-0.711355
d80a,v1176f,nan
t95i,vaccine,nan
t95i,l18f,nan
t95i,t19r,nan
t95i,t20n,nan
t95i,p26s,nan
t95i,69-70d,nan
t95i,d80a,nan
t95i,t95i,0
t95i,d138y,nan
t95i,g142d,nan
t95i,144d,nan
t95i,e154k,nan
t95i,d156-157,nan
t95i,r190s,nan
t95i,d215g,nan
t95i,a222v,nan
t95i,242-244d,nan
t95i,r246i,nan
t95i,s247r,nan
t95i,k417n,nan
t95i,k417t,-0.121299
t95i,l452r,nan
t95i,t478k,nan
t95i,e484q,0.167375
t95i,e484k,nan
t95i,n501y,nan
t95i,a570d,nan
t95i,d614g,nan
t95i,h655y,nan
t95i,p681r,nan
t95i,p681h,nan
t95i,a701v,nan
t95i,t716i,nan
t95i,d950n,nan
t95i,s982a,0.232366
t95i,t1027i,nan
t95i,q1071h,-0.0632276
t95i,d1118h,-0.345543
t95i,v1176f,-0.35739
d138y,vaccine,nan
d138y,l18f,nan
d138y,t19r,nan
d138y,t20n,nan
d138y,p26s,nan
d138y,69-70d,nan
d138y,d80a,nan
d138y,t95i,nan
d138y,d138y,0
d138y,g142d,nan
d138y,144d,nan
d138y,e154k,nan
d138y,d156-157,nan
d138y,r190s,nan
d138y,d215g,nan
d138y,a222v,nan
d138y,242-244d,nan
d138y,r246i,nan
d138y,s247r,nan
d138y,k417n,nan
d138y,k417t,nan
d138y,l452r,-0.0664128
d138y,t478k,nan
d138y,e484q,nan
d138y,e484k,nan
d138y,n501y,0.0652916
d138y,a570d,nan
d138y,d614g,nan
d138y,h655y,nan
d138y,p681r,nan
d138y,p681h,nan
d138y,a701v,0.4925
d138y,t716i,nan
d138y,d950n,0.232828
d138y,s982a,0.10608
d138y,t1027i,nan
d138y,q1071h,nan
d138y,d1118h,nan
d138y,v1176f,nan
g142d,vaccine,nan
g142d,l18f,nan
g142d,t19r,nan
g142d,t20n,nan
g142d,p26s,nan
g142d,69-70d,nan
g142d,d80a,nan
g142d,t95i,nan
g142d,d138y,nan
g142d,g142d,0
g142d,144d,nan
g142d,e154k,nan
g142d,d156-157,nan
g142d,r190s,nan
g142d,d215g,nan
g142d,a222v,nan
g142d,242-244d,nan
g142d,r246i,nan
g142d,s247r,nan
g142d,k417n,nan
g142d,k417t,0.169483
g142d,l452r,nan
g142d,t478k,nan
g142d,e484q,nan
g142d,e484k,nan
g142d,n501y,nan
g142d,a570d,nan
g142d,d614g,nan
g142d,h655y,nan
g142d,p681r,nan
g142d,p681h,-0.465801
g142d,a701v,nan
g142d,t716i,nan
g142d,d950n,nan
g142d,s982a,0.340355
g142d,t1027i,nan
g142d,q1071h,0.327503
g142d,d1118h,-0.0894983
g142d,v1176f,0.019846
144d,vaccine,nan
144d,l18f,nan
144d,t19r,nan
144d,t20n,nan
144d,p26s,nan
144d,69-70d,nan
144d,d80a,nan
144d,t95i,0.212585
144d,d138y,nan
144d,g142d,nan
144d,144d,0
144d,e154k,nan
144d,d156-157,nan
144d,r190s,nan
144d,d215g,nan
144d,a222v,nan
144d,242-244d,nan
144d,r246i,nan
144d,s247r,nan
144d,k417n,nan
144d,k417t,0.0218369
144d,l452r,nan
144d,t478k,nan
144d,e484q,0.2686
144d,e484k,nan
144d,n501y,nan
144d,a570d,nan
144d,d614g,nan
144d,h655y,nan
144d,p681r,nan
144d,p681h,nan
144d,a701v,nan
144d,t716i,nan
144d,d950n,nan
144d,s982a,0.27371
144d,t1027i,nan
144d,q1071h,0.130998
144d,d1118h,-0.218215
144d,v1176f,-0.133542
e154k,vaccine,nan
e154k,l18f,nan
e154k,t19r,nan
e154k,t20n,nan
e154k,p26s,nan
e154k,69-70d,nan
e154k,d80a,nan
e154k,t95i,nan
e154k,d138y,nan
e154k,g142d,nan
e154k,144d,nan
e154k,e154k,0
e154k,d156-157,nan
e154k,r190s,nan
e154k,d215g,nan
e154k,a222v,nan
e154k,242-244d,nan
e154k,r246i,nan
e154k,s247r,nan
e154k,k417n,nan
e154k,k417t,0.129759
e154k,l452r,nan
e154k,t478k,nan
e154k,e484q,0.401991
e154k,e484k,nan
e154k,n501y,nan
e154k,a570d,nan
e154k,d614g,nan
e154k,h655y,nan
e154k,p681r,nan
e154k,p681h,nan
e154k,a701v,nan
e154k,t716i,nan
e154k,d950n,nan
e154k,s982a,0.320785
e154k,t1027i,nan
e154k,q1071h,0.259899
e154k,d1118h,-0.1205
e154k,v1176f,-0.0171147
d156-157,vaccine,nan
d156-157,l18f,nan
d156-157,t19r,nan
d156-157,t20n,nan
d156-157,p26s,nan
d156-157,69-70d,nan
d156-157,d80a,nan
d156-157,t95i,nan
d156-157,d138y,nan
d156-157,g142d,nan
d156-157,144d,nan
d156-157,e154k,nan
d156-157,d156-157,0
d156-157,r190s,nan
d156-157,d215g,nan
d156-157,a222v,nan
d156-157,242-244d,nan
d156-157,r246i,nan
d156-157,s247r,nan
d156-157,k417n,nan
d156-157,k417t,nan
d156-157,l452r,-0.0372971
d156-157,t478k,nan
d156-157,e484q,nan
d156-157,e484k,nan
d156-157,n501y,0.102581
d156-157,a570d,nan
d156-157,d614g,nan
d156-157,h655y,nan
d156-157,p681r,nan
d156-157,p681h,nan
d156-157,a701v,nan
d156-157,t716i,nan
d156-157,d950n,nan
d156-157,s982a,0.116577
d156-157,t1027i,nan
d156-157,q1071h,nan
d156-157,d1118h,nan
d156-157,v1176f,nan
r190s,vaccine,nan
r190s,l18f,nan
r190s,t19r,nan
r190s,t20n,nan
r190s,p26s,nan
r190s,69-70d,nan
r190s,d80a,nan
r190s,t95i,nan
r190s,d138y,nan
r190s,g142d,nan
r190s,144d,nan
r190s,e154k,nan
r190s,d156-157,0.0128545
r190s,r190s,0
r190s,d215g,nan
r190s,a222v,nan
r190s,242-244d,nan
r190s,r246i,nan
r190s,s247r,nan
r190s,k417n,nan
r190s,k417t,nan
r190s,l452r,-0.028691
r190s,t478k,nan
r190s,e484q,nan
r190s,e484k,nan
r190s,n501y,0.0985203
r190s,a570d,nan
r190s,d614g,nan
r190s,h655y,nan
r190s,p681r,nan
r190s,p681h,nan
r190s,a701v,0.525964
r190s,t716i,nan
r190s,d950n,nan
r190s,s982a,0.117242
r190s,t1027i,nan
r190s,q1071h,nan
r190s,d1118h,nan
r190s,v1176f,nan
d215g,vaccine,nan
d215g,l18f,nan
d215g,t19r,nan
d215g,t20n,nan
d215g,p26s,nan
d215g,69-70d,nan
d215g,d80a,nan
d215g,t95i,nan
d215g,d138y,nan
d215g,g142d,nan
d215g,144d,nan
d215g,e154k,nan
d215g,d156-157,nan
d215g,r190s,nan
d215g,d215g,0
d215g,a222v,nan
d215g,242-244d,0.27723
d215g,r246i,nan
d215g,s247r,nan
d215g,k417n,-0.040119
d215g,k417t,nan
d215g,l452r,nan
d215g,t478k,nan
d215g,e484q,nan
d215g,e484k,0.777015
d215g,n501y,nan
d215g,a570d,nan
d215g,d614g,nan
d215g,h655y,nan
d215g,p681r,nan
d215g,p681h,nan
d215g,a701v,0.160319
d215g,t716i,nan
d215g,d950n,nan
d215g,s982a,-0.0430658
d215g,t1027i,nan
d215g,q1071h,nan
d215g,d1118h,nan
d215g,v1176f,nan
a222v,vaccine,nan
a222v,l18f,nan
a222v,t19r,nan
a222v,t20n,nan
a222v,p26s,nan
a222v,69-70d,nan
a222v,d80a,nan
a222v,t95i,-0.0144858
a222v,d138y,nan
a222v,g142d,nan
a222v,144d,nan
a222v,e154k,nan
a222v,d156-157,nan
a222v,r190s,nan
a222v,d215g,nan
a222v,a222v,0
a222v,242-244d,nan
a222v,r246i,nan
a222v,s247r,nan
a222v,k417n,nan
a222v,k417t,-0.0901871
a222v,l452r,0.208534
a222v,t478k,nan
a222v,e484q,0.0705634
a222v,e484k,nan
a222v,n501y,0.326513
a222v,a570d,nan
a222v,d614g,nan
a222v,h655y,nan
a222v,p681r,0.116992
a222v,p681h,nan
a222v,a701v,nan
a222v,t716i,nan
a222v,d950n,nan
a222v,s982a,0.211059
a222v,t1027i,nan
a222v,q1071h,-0.0365919
a222v,d1118h,-0.288257
a222v,v1176f,-0.225499
242-244d,vaccine,nan
242-244d,l18f,nan
242-244d,t19r,nan
242-244d,t20n,nan
242-244d,p26s,nan
242-244d,69-70d,nan
242-244d,d80a,nan
242-244d,t95i,nan
242-244d,d138y,nan
242-244d,g142d,nan
242-244d,144d,nan
242-244d,e154k,nan
242-244d,d156-157,nan
242-244d,r190s,nan
242-244d,d215g,nan
242-244d,a222v,nan
242-244d,242-244d,0
242-244d,r246i,nan
242-244d,s247r,nan
242-244d,k417n,nan
242-244d,k417t,nan
242-244d,l452r,nan
242-244d,t478k,nan
242-244d,e484q,nan
242-244d,e484k,nan
242-244d,n501y,nan
242-244d,a570d,nan
242-244d,d614g,nan
242-244d,h655y,nan
242-244d,p681r,nan
242-244d,p681h,nan
242-244d,a701v,nan
242-244d,t716i,nan
242-244d,d950n,nan
242-244d,s982a,-0.308898
242-244d,t1027i,nan
242-244d,q1071h,nan
242-244d,d1118h,nan
242-244d,v1176f,nan
r246i,vaccine,nan
r246i,l18f,nan
r246i,t19r,nan
r246i,t20n,nan
r246i,p26s,nan
r246i,69-70d,nan
r246i,d80a,nan
r246i,t95i,nan
r246i,d138y,-0.0509943
r246i,g142d,nan
r246i,144d,nan
r246i,e154k,nan
r246i,d156-157,-0.0845526
r246i,r190s,-0.108564
r246i,d215g,nan
r246i,a222v,nan
r246i,242-244d,0.545622
r246i,r246i,0
r246i,s247r,nan
r246i,k417n,nan
r246i,k417t,nan
r246i,l452r,-0.08372
r246i,t478k,nan
r246i,e484q,-0.337373
r246i,e484k,nan
r246i,n501y,0.0199412
r246i,a570d,nan
r246i,d614g,nan
r246i,h655y,nan
r246i,p681r,nan
r246i,p681h,nan
r246i,a701v,0.388998
r246i,t716i,nan
r246i,d950n,0.118659
r246i,s982a,0.0901985
r246i,t1027i,nan
r246i,q1071h,nan
r246i,d1118h,nan
r246i,v1176f,nan
s247r,vaccine,nan
s247r,l18f,nan
s247r,t19r,nan
s247r,t20n,nan
s247r,p26s,nan
s247r,69-70d,nan
s247r,d80a,nan
s247r,t95i,nan
s247r,d138y,nan
s247r,g142d,nan
s247r,144d,nan
s247r,e154k,nan
s247r,d156-157,nan
s247r,r190s,nan
s247r,d215g,nan
s247r,a222v,nan
s247r,242-244d,nan
s247r,r246i,nan
s247r,s247r,0
s247r,k417n,nan
s247r,k417t,nan
s247r,l452r,nan
s247r,t478k,nan
s247r,e484q,nan
s247r,e484k,nan
s247r,n501y,nan
s247r,a570d,nan
s247r,d614g,nan
s247r,h655y,nan
s247r,p681r,nan
s247r,p681h,0.0637502
s247r,a701v,nan
s247r,t716i,nan
s247r,d950n,nan
s247r,s982a,0.737378
s247r,t1027i,nan
s247r,q1071h,nan
s247r,d1118h,0.32441
s247r,v1176f,nan
k417n,vaccine,nan
k417n,l18f,nan
k417n,t19r,nan
k417n,t20n,nan
k417n,p26s,nan
k417n,69-70d,nan
k417n,d80a,nan
k417n,t95i,nan
k417n,d138y,nan
k417n,g142d,nan
k417n,144d,nan
k417n,e154k,nan
k417n,d156-157,nan
k417n,r190s,nan
k417n,d215g,nan
k417n,a222v,nan
k417n,242-244d,0.360876
k417n,r246i,nan
k417n,s247r,nan
k417n,k417n,0
k417n,k417t,nan
k417n,l452r,nan
k417n,t478k,nan
k417n,e484q,nan
k417n,e484k,nan
k417n,n501y,nan
k417n,a570d,nan
k417n,d614g,nan
k417n,h655y,nan
k417n,p681r,nan
k417n,p681h,nan
k417n,a701v,0.21334
k417n,t716i,nan
k417n,d950n,nan
k417n,s982a,-0.032008
k417n,t1027i,nan
k417n,q1071h,nan
k417n,d1118h,nan
k417n,v1176f,nan
k417t,vaccine,nan
k417t,l18f,nan
k417t,t19r,nan
k417t,t20n,nan
k417t,p26s,nan
k417t,69-70d,nan
k417t,d80a,nan
k417t,t95i,nan
k417t,d138y,nan
k417t,g142d,nan
k417t,144d,nan
k417t,e154k,nan
k417t,d156-157,nan
k417t,r190s,nan
k417t,d215g,nan
k417t,a222v,nan
k417t,242-244d,nan
k417t,r246i,nan
k417t,s247r,nan
k417t,k417n,nan
k417t,k417t,0
k417t,l452r,nan
k417t,t478k,nan
k417t,e484q,nan
k417t,e484k,nan
k417t,n501y,nan
k417t,a570d,nan
k417t,d614g,nan
k417t,h655y,nan
k417t,p681r,nan
k417t,p681h,nan
k417t,a701v,nan
k417t,t716i,nan
k417t,d950n,nan
k417t,s982a,0.295158
k417t,t1027i,nan
k417t,q1071h,nan
k417t,d1118h,-0.347026
k417t,v1176f,nan
l452r,vaccine,nan
l452r,l18f,nan
l452r,t19r,nan
l452r,t20n,nan
l452r,p26s,nan
l452r,69-70d,nan
l452r,d80a,nan
l452r,t95i,nan
l452r,d138y,nan
l452r,g142d,nan
l452r,144d,nan
l452r,e154k,nan
l452r,d156-157,nan
l452r,r190s,nan
l452r,d215g,nan
l452r,a222v,nan
l452r,242-244d,nan
l452r,r246i,nan
l452r,s247r,nan
l452r,k417n,nan
l452r,k417t,nan
l452r,l452r,0
l452r,t478k,nan
l452r,e484q,nan
l452r,e484k,nan
l452r,n501y,nan
l452r,a570d,nan
l452r,d614g,nan
l452r,h655y,nan
l452r,p681r,nan
l452r,p681h,nan
l452r,a701v,nan
l452r,t716i,nan
l452r,d950n,nan
l452r,s982a,0.134661
l452r,t1027i,nan
l452r,q1071h,nan
l452r,d1118h,nan
l452r,v1176f,nan
t478k,vaccine,nan
t478k,l18f,nan
t478k,t19r,nan
t478k,t20n,nan
t478k,p26s,nan
t478k,69-70d,nan
t478k,d80a,nan
t478k,t95i,0.0898461
t478k,d138y,nan
t478k,g142d,nan
t478k,144d,-0.0280377
t478k,e154k,nan
t478k,d156-157,nan
t478k,r190s,nan
t478k,d215g,nan
t478k,a222v,nan
t478k,242-244d,nan
t478k,r246i,nan
t478k,s247r,nan
t478k,k417n,nan
t478k,k417t,-0.00020981
t478k,l452r,0.282214
t478k,t478k,0
t478k,e484q,0.153283
t478k,e484k,nan
t478k,n501y,0.402023
t478k,a570d,nan
t478k,d614g,nan
t478k,h655y,nan
t478k,p681r,0.217694
t478k,p681h,nan
t478k,a701v,nan
t478k,t716i,nan
t478k,d950n,nan
t478k,s982a,0.248694
t478k,t1027i,nan
t478k,q1071h,0.0644007
t478k,d1118h,-0.205153
t478k,v1176f,-0.124981
e484q,vaccine,nan
e484q,l18f,nan
e484q,t19r,nan
e484q,t20n,nan
e484q,p26s,nan
e484q,69-70d,nan
e484q,d80a,nan
e484q,t95i,nan
e484q,d138y,nan
e484q,g142d,nan
e484q,144d,nan
e484q,e154k,nan
e484q,d156-157,nan
e484q,r190s,nan
e484q,d215g,nan
e484q,a222v,nan
e484q,242-244d,nan
e484q,r246i,nan
e484q,s247r,nan
e484q,k417n,nan
e484q,k417t,nan
e484q,l452r,nan
e484q,t478k,nan
e484q,e484q,0
e484q,e484k,nan
e484q,n501y,nan
e484q,a570d,nan
e484q,d614g,nan
e484q,h655y,nan
e484q,p681r,nan
e484q,p681h,nan
e484q,a701v,nan
e484q,t716i,nan
e484q,d950n,nan
e484q,s982a,0.200231
e484q,t1027i,nan
e484q,q1071h,nan
e484q,d1118h,nan
e484q,v1176f,nan
e484k,vaccine,nan
e484k,l18f,nan
e484k,t19r,nan
e484k,t20n,nan
e484k,p26s,nan
e484k,69-70d,nan
e484k,d80a,nan
e484k,t95i,nan
e484k,d138y,nan
e484k,g142d,nan
e484k,144d,nan
e484k,e154k,nan
e484k,d156-157,nan
e484k,r190s,nan
e484k,d215g,nan
e484k,a222v,nan
e484k,242-244d,nan
e484k,r246i,nan
e484k,s247r,nan
e484k,k417n,nan
e484k,k417t,nan
e484k,l452r,nan
e484k,t478k,nan
e484k,e484q,nan
e484k,e484k,0
e484k,n501y,nan
e484k,a570d,nan
e484k,d614g,nan
e484k,h655y,nan
e484k,p681r,nan
e484k,p681h,nan
e484k,a701v,nan
e484k,t716i,nan
e484k,d950n,nan
e484k,s982a,nan
e484k,t1027i,nan
e484k,q1071h,nan
e484k,d1118h,nan
e484k,v1176f,nan
n501y,vaccine,nan
n501y,l18f,nan
n501y,t19r,nan
n501y,t20n,nan
n501y,p26s,nan
n501y,69-70d,nan
n501y,d80a,nan
n501y,t95i,nan
n501y,d138y,nan
n501y,g142d,nan
n501y,144d,nan
n501y,e154k,nan
n501y,d156-157,nan
n501y,r190s,nan
n501y,d215g,nan
n501y,a222v,nan
n501y,242-244d,nan
n501y,r246i,nan
n501y,s247r,nan
n501y,k417n,nan
n501y,k417t,nan
n501y,l452r,nan
n501y,t478k,nan
n501y,e484q,nan
n501y,e484k,nan
n501y,n501y,0
n501y,a570d,nan
n501y,d614g,nan
n501y,h655y,nan
n501y,p681r,nan
n501y,p681h,nan
n501y,a701v,nan
n501y,t716i,nan
n501y,d950n,nan
n501y,s982a,0.0897753
n501y,t1027i,nan
n501y,q1071h,nan
n501y,d1118h,nan
n501y,v1176f,nan
a570d,vaccine,-0.492018
a570d,l18f,nan
a570d,t19r,-0.183471
a570d,t20n,-0.210838
a570d,p26s,-0.286282
a570d,69-70d,nan
a570d,d80a,0.355749
a570d,t95i,-0.109979
a570d,d138y,0.0361713
a570d,g142d,-0.316408
a570d,144d,-0.182304
a570d,e154k,-0.278171
a570d,d156-157,0.0241605
a570d,r190s,0.0223607
a570d,d215g,0.225453
a570d,a222v,-0.116116
a570d,242-244d,0.349112
a570d,r246i,0.054419
a570d,s247r,-0.628502
a570d,k417n,0.192987
a570d,k417t,-0.146741
a570d,l452r,0.00995821
a570d,t478k,-0.190543
a570d,e484q,-0.0619468
a570d,e484k,0.702283
a570d,n501y,0.0574352
a570d,a570d,0
a570d,d614g,nan
a570d,h655y,nan
a570d,p681r,-0.0589041
a570d,p681h,-0.50983
a570d,a701v,0.276187
a570d,t716i,-0.262571
a570d,d950n,0.101174
a570d,s982a,0.104716
a570d,t1027i,-0.109913
a570d,q1071h,-0.119345
a570d,d1118h,-0.279989
a570d,v1176f,-0.225513
d614g,vaccine,nan
d614g,l18f,nan
d614g,t19r,nan
d614g,t20n,nan
d614g,p26s,nan
d614g,69-70d,nan
d614g,d80a,nan
d614g,t95i,nan
d614g,d138y,nan
d614g,g142d,nan
d614g,144d,nan
d614g,e154k,nan
d614g,d156-157,nan
d614g,r190s,nan
d614g,d215g,nan
d614g,a222v,nan
d614g,242-244d,nan
d614g,r246i,nan
d614g,s247r,nan
d614g,k417n,nan
d614g,k417t,nan
d614g,l452r,nan
d614g,t478k,nan
d614g,e484q,nan
d614g,e484k,0.135554
d614g,n501y,nan
d614g,a570d,nan
d614g,d614g,0
d614g,h655y,nan
d614g,p681r,nan
d614g,p681h,nan
d614g,a701v,nan
d614g,t716i,nan
d614g,d950n,nan
d614g,s982a,nan
d614g,t1027i,nan
d614g,q1071h,nan
d614g,d1118h,nan
d614g,v1176f,nan
h655y,vaccine,-0.224794
h655y,l18f,nan
h655y,t19r,0.247765
h655y,t20n,nan
h655y,p26s,0.213913
h655y,69-70d,nan
h655y,d80a,nan
h655y,t95i,0.217168
h655y,d138y,0.531368
h655y,g142d,0.0102862
h655y,144d,0.149462
h655y,e154k,0.0531161
h655y,d156-157,0.465601
h655y,r190s,0.49273
h655y,d215g,nan
h655y,a222v,0.304966
h655y,242-244d,nan
h655y,r246i,nan
h655y,s247r,-0.385621
h655y,k417n,nan
h655y,k417t,0.12984
h655y,l452r,0.361514
h655y,t478k,0.226001
h655y,e484q,0.260232
h655y,e484k,nan
h655y,n501y,0.445181
h655y,a570d,nan
h655y,d614g,nan
h655y,h655y,0
h655y,p681r,0.313754
h655y,p681h,-0.290675
h655y,a701v,0.720171
h655y,t716i,nan
h655y,d950n,0.575817
h655y,s982a,0.311859
h655y,t1027i,nan
h655y,q1071h,0.19406
h655y,d1118h,-0.0689909
h655y,v1176f,0.0218421
p681r,vaccine,nan
p681r,l18f,nan
p681r,t19r,nan
p681r,t20n,nan
p681r,p26s,nan
p681r,69-70d,nan
p681r,d80a,nan
p681r,t95i,nan
p681r,d138y,nan
p681r,g142d,nan
p681r,144d,nan
p681r,e154k,nan
p681r,d156-157,nan
p681r,r190s,nan
p681r,d215g,nan
p681r,a222v,nan
p681r,242-244d,nan
p681r,r246i,nan
p681r,s247r,nan
p681r,k417n,nan
p681r,k417t,-0.247899
p681r,l452r,0.179596
p681r,t478k,nan
p681r,e484q,-0.019363
p681r,e484k,nan
p681r,n501y,nan
p681r,a570d,nan
p681r,d614g,nan
p681r,h655y,nan
p681r,p681r,0
p681r,p681h,nan
p681r,a701v,nan
p681r,t716i,nan
p681r,d950n,nan
p681r,s982a,0.184085
p681r,t1027i,nan
p681r,q1071h,nan
p681r,d1118h,-0.426156
p681r,v1176f,nan
p681h,vaccine,nan
p681h,l18f,nan
p681h,t19r,nan
p681h,t20n,nan
p681h,p26s,nan
p681h,69-70d,nan
p681h,d80a,nan
p681h,t95i,nan
p681h,d138y,nan
p681h,g142d,nan
p681h,144d,nan
p681h,e154k,nan
p681h,d156-157,nan
p681h,r190s,nan
p681h,d215g,nan
p681h,a222v,nan
p681h,242-244d,nan
p681h,r246i,nan
p681h,s247r,nan
p681h,k417n,nan
p681h,k417t,nan
p681h,l452r,nan
p681h,t478k,nan
p681h,e484q,nan
p681h,e484k,nan
p681h,n501y,nan
p681h,a570d,nan
p681h,d614g,nan
p681h,h655y,nan
p681h,p681r,nan
p681h,p681h,0
p681h,a701v,nan
p681h,t716i,nan
p681h,d950n,nan
p681h,s982a,nan
p681h,t1027i,nan
p681h,q1071h,nan
p681h,d1118h,nan
p681h,v1176f,nan
a701v,vaccine,nan
a701v,l18f,nan
a701v,t19r,nan
a701v,t20n,nan
a701v,p26s,nan
a701v,69-70d,nan
a701v,d80a,nan
a701v,t95i,nan
a701v,d138y,nan
a701v,g142d,nan
a701v,144d,nan
a701v,e154k,nan
a701v,d156-157,nan
a701v,r190s,nan
a701v,d215g,nan
a701v,a222v,nan
a701v,242-244d,nan
a701v,r246i,nan
a701v,s247r,nan
a701v,k417n,nan
a701v,k417t,nan
a701v,l452r,nan
a701v,t478k,nan
a701v,e484q,nan
a701v,e484k,nan
a701v,n501y,nan
a701v,a570d,nan
a701v,d614g,nan
a701v,h655y,nan
a701v,p681r,nan
a701v,p681h,nan
a701v,a701v,0
a701v,t716i,nan
a701v,d950n,nan
a701v,s982a,-0.18992
a701v,t1027i,nan
a701v,q1071h,nan
a701v,d1118h,nan
a701v,v1176f,nan
t716i,vaccine,-0.416109
t716i,l18f,nan
t716i,t19r,-0.047105
t716i,t20n,-0.0692501
t716i,p26s,-0.155171
t716i,69-70d,nan
t716i,d80a,nan
t716i,t95i,0.0118139
t716i,d138y,0.187081
t716i,g142d,-0.208016
t716i,144d,-0.0627244
t716i,e154k,-0.165231
t716i,d156-157,0.170586
t716i,r190s,0.171379
t716i,d215g,0.467512
t716i,a222v,0.0228347
t716i,242-244d,0.515906
t716i,r246i,0.223254
t716i,s247r,-0.581801
t716i,k417n,0.375538
t716i,k417t,-0.039771
t716i,l452r,0.141266
t716i,t478k,-0.0564555
t716i,e484q,0.0603128
t716i,e484k,0.903786
t716i,n501y,0.197112
t716i,a570d,nan
t716i,d614g,nan
t716i,h655y,nan
t716i,p681r,0.0746384
t716i,p681h,-0.439055
t716i,a701v,0.427587
t716i,t716i,0
t716i,d950n,0.252373
t716i,s982a,0.193653
t716i,t1027i,0.0390239
t716i,q1071h,-0.00132012
t716i,d1118h,-0.197744
t716i,v1176f,-0.130147
d950n,vaccine,nan
d950n,l18f,nan
d950n,t19r,nan
d950n,t20n,nan
d950n,p26s,nan
d950n,69-70d,nan
d950n,d80a,nan
d950n,t95i,nan
d950n,d138y,nan
d950n,g142d,nan
d950n,144d,nan
d950n,e154k,nan
d950n,d156-157,nan
d950n,r190s,nan
d950n,d215g,nan
d950n,a222v,nan
d950n,242-244d,nan
d950n,r246i,nan
d950n,s247r,nan
d950n,k417n,nan
d950n,k417t,nan
d950n,l452r,nan
d950n,t478k,nan
d950n,e484q,nan
d950n,e484k,nan
d950n,n501y,nan
d950n,a570d,nan
d950n,d614g,nan
d950n,h655y,nan
d950n,p681r,nan
d950n,p681h,nan
d950n,a701v,0.434459
d950n,t716i,nan
d950n,d950n,0
d950n,s982a,0.0491202
d950n,t1027i,nan
d950n,q1071h,nan
d950n,d1118h,nan
d950n,v1176f,nan
s982a,vaccine,nan
s982a,l18f,nan
s982a,t19r,nan
s982a,t20n,nan
s982a,p26s,nan
s982a,69-70d,nan
s982a,d80a,nan
s982a,t95i,nan
s982a,d138y,nan
s982a,g142d,nan
s982a,144d,nan
s982a,e154k,nan
s982a,d156-157,nan
s982a,r190s,nan
s982a,d215g,nan
s982a,a222v,nan
s982a,242-244d,nan
s982a,r246i,nan
s982a,s247r,nan
s982a,k417n,nan
s982a,k417t,nan
s982a,l452r,nan
s982a,t478k,nan
s982a,e484q,nan
s982a,e484k,nan
s982a,n501y,nan
s982a,a570d,nan
s982a,d614g,nan
s982a,h655y,nan
s982a,p681r,nan
s982a,p681h,nan
s982a,a701v,nan
s982a,t716i,nan
s982a,d950n,nan
s982a,s982a,0
s982a,t1027i,nan
s982a,q1071h,nan
s982a,d1118h,nan
s982a,v1176f,nan
t1027i,vaccine,nan
t1027i,l18f,nan
t1027i,t19r,nan
t1027i,t20n,nan
t1027i,p26s,nan
t1027i,69-70d,nan
t1027i,d80a,nan
t1027i,t95i,-0.0313988
t1027i,d138y,0.303081
t1027i,g142d,nan
t1027i,144d,-0.216952
t1027i,e154k,nan
t1027i,d156-157,0.250489
t1027i,r190s,0.267399
t1027i,d215g,nan
t1027i,a222v,-0.0375939
t1027i,242-244d,nan
t1027i,r246i,nan
t1027i,s247r,nan
t1027i,k417n,nan
t1027i,k417t,-0.0976979
t1027i,l452r,0.168505
t1027i,t478k,nan
t1027i,e484q,0.0468867
t1027i,e484k,nan
t1027i,n501y,0.259262
t1027i,a570d,nan
t1027i,d614g,nan
t1027i,h655y,nan
t1027i,p681r,0.0745258
t1027i,p681h,nan
t1027i,a701v,0.576514
t1027i,t716i,nan
t1027i,d950n,0.381777
t1027i,s982a,0.198596
t1027i,t1027i,0
t1027i,q1071h,-0.050024
t1027i,d1118h,-0.285635
t1027i,v1176f,-0.222512
q1071h,vaccine,nan
q1071h,l18f,nan
q1071h,t19r,nan
q1071h,t20n,nan
q1071h,p26s,nan
q1071h,69-70d,nan
q1071h,d80a,nan
q1071h,t95i,nan
q1071h,d138y,nan
q1071h,g142d,nan
q1071h,144d,nan
q1071h,e154k,nan
q1071h,d156-157,nan
q1071h,r190s,nan
q1071h,d215g,nan
q1071h,a222v,nan
q1071h,242-244d,nan
q1071h,r246i,nan
q1071h,s247r,nan
q1071h,k417n,nan
q1071h,k417t,-0.103973
q1071h,l452r,nan
q1071h,t478k,nan
q1071h,e484q,nan
q1071h,e484k,nan
q1071h,n501y,nan
q1071h,a570d,nan
q1071h,d614g,nan
q1071h,h655y,nan
q1071h,p681r,nan
q1071h,p681h,nan
q1071h,a701v,nan
q1071h,t716i,nan
q1071h,d950n,nan
q1071h,s982a,0.245673
q1071h,t1027i,nan
q1071h,q1071h,0
q1071h,d1118h,-0.341438
q1071h,v1176f,nan
d1118h,vaccine,nan
d1118h,l18f,nan
d1118h,t19r,nan
d1118h,t20n,nan
d1118h,p26s,nan
d1118h,69-70d,nan
d1118h,d80a,nan
d1118h,t95i,nan
d1118h,d138y,nan
d1118h,g142d,nan
d1118h,144d,nan
d1118h,e154k,nan
d1118h,d156-157,nan
d1118h,r190s,nan
d1118h,d215g,nan
d1118h,a222v,nan
d1118h,242-244d,nan
d1118h,r246i,nan
d1118h,s247r,nan
d1118h,k417n,nan
d1118h,k417t,nan
d1118h,l452r,nan
d1118h,t478k,nan
d1118h,e484q,nan
d1118h,e484k,nan
d1118h,n501y,nan
d1118h,a570d,nan
d1118h,d614g,nan
d1118h,h655y,nan
d1118h,p681r,nan
d1118h,p681h,nan
d1118h,a701v,nan
d1118h,t716i,nan
d1118h,d950n,nan
d1118h,s982a,nan
d1118h,t1027i,nan
d1118h,q1071h,nan
d1118h,d1118h,0
d1118h,v1176f,nan
v1176f,vaccine,nan
v1176f,l18f,nan
v1176f,t19r,nan
v1176f,t20n,nan
v1176f,p26s,nan
v1176f,69-70d,nan
v1176f,d80a,nan
v1176f,t95i,nan
v1176f,d138y,nan
v1176f,g142d,nan
v1176f,144d,nan
v1176f,e154k,nan
v1176f,d156-157,nan
v1176f,r190s,nan
v1176f,d215g,nan
v1176f,a222v,nan
v1176f,242-244d,nan
v1176f,r246i,nan
v1176f,s247r,nan
v1176f,k417n,nan
v1176f,k417t,nan
v1176f,l452r,nan
v1176f,t478k,nan
v1176f,e484q,nan
v1176f,e484k,nan
v1176f,n501y,nan
v1176f,a570d,nan
v1176f,d614g,nan
v1176f,h655y,nan
v1176f,p681r,nan
v1176f,p681h,nan
v1176f,a701v,nan
v1176f,t716i,nan
v1176f,d950n,nan
v1176f,s982a,0.40446
v1176f,t1027i,nan
v1176f,q1071h,nan
v1176f,d1118h,-0.179562
v1176f,v1176f,0
