,victoria,b.1.1.7,b.1.351,p.1,b.1.617.1-pv,b.1.617.2,wuhan-n501y,wuhan-e484k,b.1.1.7-e484k,b.1.1.7ntd-e484k,b.1.1.7ntd-n501y,b.1.351-e484k,b.1.351-n501y,b.1.351ntd-e484k,p.1-n501y,p.1-e484k,bristol,d614g,p.2,moderna,pfizer,chadox1,uk_d8,uk_69-70d,uk_144d,uk_n501y,uk_a570d,uk_p681h,uk_t716i,uk_s982a,uk_d1118h,sa_d9,sa_l18f,sa_d80a,sa_d215g,sa_242-244d,sa_r246i,sa_k417n,sa_e484k,sa_n501y,sa_a701v,ng,kyg,kyng,
p.1-1,0.102458,-0.0354962,0.271477,0.188515,0.0387452,-0.3342,NAN,NAN,NAN,NAN,NAN,NAN,NAN,NAN,NAN,NAN,0.209918,-0.516018,0.224447,NAN,NAN,NAN,NAN,NAN,NAN,NAN,NAN,NAN,NAN,NAN,NAN,NAN,NAN,NAN,NAN,NAN,NAN,NAN,NAN,NAN,NAN,NAN,NAN,NAN,
p.1-2,-0.248261,-0.231214,-0.234242,0.382796,0.273027,0.285081,NAN,NAN,NAN,NAN,NAN,NAN,NAN,NAN,NAN,NAN,-0.0658,0.103263,0.0087287,NAN,NAN,NAN,NAN,NAN,NAN,NAN,NAN,NAN,NAN,NAN,NAN,NAN,NAN,NAN,NAN,NAN,NAN,NAN,NAN,NAN,NAN,NAN,NAN,NAN,
p.1-3,0.211038,-0.416916,-0.419943,0.302095,0.302325,0.0993798,NAN,NAN,NAN,NAN,NAN,NAN,NAN,NAN,NAN,NAN,-0.251502,-0.0824383,0.478027,NAN,NAN,NAN,NAN,NAN,NAN,NAN,NAN,NAN,NAN,NAN,NAN,NAN,NAN,NAN,NAN,NAN,NAN,NAN,NAN,NAN,NAN,NAN,NAN,NAN,
p.1-4,0.000934027,0.19298,0.484953,0.221991,0.162221,-0.195724,NAN,NAN,NAN,NAN,NAN,NAN,NAN,NAN,NAN,NAN,0.153395,-0.377542,-0.472077,NAN,NAN,NAN,NAN,NAN,NAN,NAN,NAN,NAN,NAN,NAN,NAN,NAN,NAN,NAN,NAN,NAN,NAN,NAN,NAN,NAN,NAN,NAN,NAN,NAN,
p.1-5,-0.255213,-0.238167,-0.241194,0.315844,0.346074,0.278129,NAN,NAN,NAN,NAN,NAN,NAN,NAN,NAN,NAN,NAN,-0.0727524,0.0963109,0.00177624,NAN,NAN,NAN,NAN,NAN,NAN,NAN,NAN,NAN,NAN,NAN,NAN,NAN,NAN,NAN,NAN,NAN,NAN,NAN,NAN,NAN,NAN,NAN,NAN,NAN,
p.1-6,-0.00332763,-0.106282,-0.0793088,-0.302271,-0.33704,0.390014,NAN,NAN,NAN,NAN,NAN,NAN,NAN,NAN,NAN,NAN,-0.0508671,0.288196,0.0386616,NAN,NAN,NAN,NAN,NAN,NAN,NAN,NAN,NAN,NAN,NAN,NAN,NAN,NAN,NAN,NAN,NAN,NAN,NAN,NAN,NAN,NAN,NAN,NAN,NAN,
p.1-7,0.0511098,0.183156,0.100129,0.0121668,-0.592603,-0.460548,NAN,NAN,NAN,NAN,NAN,NAN,NAN,NAN,NAN,NAN,0.38857,0.177634,0.178099,NAN,NAN,NAN,NAN,NAN,NAN,NAN,NAN,NAN,NAN,NAN,NAN,NAN,NAN,NAN,NAN,NAN,NAN,NAN,NAN,NAN,NAN,NAN,NAN,NAN,
p.1-8,-0.066077,0.135969,0.282942,0.22498,-0.0147896,-0.332735,NAN,NAN,NAN,NAN,NAN,NAN,NAN,NAN,NAN,NAN,0.196384,-0.514553,0.260912,NAN,NAN,NAN,NAN,NAN,NAN,NAN,NAN,NAN,NAN,NAN,NAN,NAN,NAN,NAN,NAN,NAN,NAN,NAN,NAN,NAN,NAN,NAN,NAN,NAN,
p.1-9,0.100547,-0.562407,0.309566,0.326604,0.291835,-0.0461108,NAN,NAN,NAN,NAN,NAN,NAN,NAN,NAN,NAN,NAN,0.368008,-0.227929,-0.322464,NAN,NAN,NAN,NAN,NAN,NAN,NAN,NAN,NAN,NAN,NAN,NAN,NAN,NAN,NAN,NAN,NAN,NAN,NAN,NAN,NAN,NAN,NAN,NAN,NAN,
p.1-10,-0.465603,0.211443,0.618416,0.475454,0.0306844,0.0677388,NAN,NAN,NAN,NAN,NAN,NAN,NAN,NAN,NAN,NAN,-0.283143,-0.114079,-0.208614,NAN,NAN,NAN,NAN,NAN,NAN,NAN,NAN,NAN,NAN,NAN,NAN,NAN,NAN,NAN,NAN,NAN,NAN,NAN,NAN,NAN,NAN,NAN,NAN,NAN,
p.1-11,0.0587639,-0.0991901,0.292783,0.159821,-0.169949,-0.452894,NAN,NAN,NAN,NAN,NAN,NAN,NAN,NAN,NAN,NAN,0.166224,0.0352877,0.140753,NAN,NAN,NAN,NAN,NAN,NAN,NAN,NAN,NAN,NAN,NAN,NAN,NAN,NAN,NAN,NAN,NAN,NAN,NAN,NAN,NAN,NAN,NAN,NAN,NAN,
p.1-12,-0.265918,-0.248872,-0.251899,0.290139,0.43037,0.267424,NAN,NAN,NAN,NAN,NAN,NAN,NAN,NAN,NAN,NAN,-0.0834574,0.0856059,-0.00892872,NAN,NAN,NAN,NAN,NAN,NAN,NAN,NAN,NAN,NAN,NAN,NAN,NAN,NAN,NAN,NAN,NAN,NAN,NAN,NAN,NAN,NAN,NAN,NAN,NAN,
p.1-13,-0.511913,0.175134,0.572106,0.559144,0.314375,0.0214294,NAN,NAN,NAN,NAN,NAN,NAN,NAN,NAN,NAN,NAN,-0.329452,-0.160389,-0.254923,NAN,NAN,NAN,NAN,NAN,NAN,NAN,NAN,NAN,NAN,NAN,NAN,NAN,NAN,NAN,NAN,NAN,NAN,NAN,NAN,NAN,NAN,NAN,NAN,NAN,
p.1-14,0.0565937,0.23364,0.410613,0.0976508,-0.262119,-0.380064,NAN,NAN,NAN,NAN,NAN,NAN,NAN,NAN,NAN,NAN,0.269054,-0.561882,0.228583,NAN,NAN,NAN,NAN,NAN,NAN,NAN,NAN,NAN,NAN,NAN,NAN,NAN,NAN,NAN,NAN,NAN,NAN,NAN,NAN,NAN,NAN,NAN,NAN,NAN,
p.1-15,0.022163,-0.175791,-0.00881817,-0.32678,-0.42155,0.305505,NAN,NAN,NAN,NAN,NAN,NAN,NAN,NAN,NAN,NAN,-0.0603765,0.293687,0.194152,NAN,NAN,NAN,NAN,NAN,NAN,NAN,NAN,NAN,NAN,NAN,NAN,NAN,NAN,NAN,NAN,NAN,NAN,NAN,NAN,NAN,NAN,NAN,NAN,NAN,
p.1-16,0.00129226,-0.0216617,-0.0596889,-0.307651,-0.45742,0.334634,NAN,NAN,NAN,NAN,NAN,NAN,NAN,NAN,NAN,NAN,0.00875282,0.237816,0.0982815,NAN,NAN,NAN,NAN,NAN,NAN,NAN,NAN,NAN,NAN,NAN,NAN,NAN,NAN,NAN,NAN,NAN,NAN,NAN,NAN,NAN,NAN,NAN,NAN,NAN,
p.1-17,0.157764,0.0598102,-0.308217,-0.381179,-0.315948,0.256106,NAN,NAN,NAN,NAN,NAN,NAN,NAN,NAN,NAN,NAN,-0.0747753,0.309288,0.0847533,NAN,NAN,NAN,NAN,NAN,NAN,NAN,NAN,NAN,NAN,NAN,NAN,NAN,NAN,NAN,NAN,NAN,NAN,NAN,NAN,NAN,NAN,NAN,NAN,NAN,
sa002,0.122324,-0.0734355,-0.184119,-0.116157,-0.0279747,0.333778,NAN,NAN,NAN,NAN,NAN,NAN,NAN,NAN,NAN,NAN,-0.230273,0.257522,0.0074764,NAN,NAN,NAN,NAN,NAN,NAN,NAN,NAN,NAN,NAN,NAN,NAN,NAN,NAN,NAN,NAN,NAN,NAN,NAN,NAN,NAN,NAN,NAN,NAN,NAN,
sa004,0.0849881,-0.0657714,-0.201455,0.221507,0.00468944,0.431442,NAN,NAN,NAN,NAN,NAN,NAN,NAN,NAN,NAN,NAN,-0.422609,0.135186,-0.10986,NAN,NAN,NAN,NAN,NAN,NAN,NAN,NAN,NAN,NAN,NAN,NAN,NAN,NAN,NAN,NAN,NAN,NAN,NAN,NAN,NAN,NAN,NAN,NAN,NAN,
sa005,0.516648,0.385888,0.215205,0.433167,0.0563489,-0.0718983,NAN,NAN,NAN,NAN,NAN,NAN,NAN,NAN,NAN,NAN,-0.55095,-0.178154,-0.4632,NAN,NAN,NAN,NAN,NAN,NAN,NAN,NAN,NAN,NAN,NAN,NAN,NAN,NAN,NAN,NAN,NAN,NAN,NAN,NAN,NAN,NAN,NAN,NAN,NAN,
sa008,0.219039,0.188279,0.217596,0.170558,0.40874,0.600493,NAN,NAN,NAN,NAN,NAN,NAN,NAN,NAN,NAN,NAN,-0.608559,-0.740763,-0.110809,NAN,NAN,NAN,NAN,NAN,NAN,NAN,NAN,NAN,NAN,NAN,NAN,NAN,NAN,NAN,NAN,NAN,NAN,NAN,NAN,NAN,NAN,NAN,NAN,NAN,
sa009,0.261544,0.220784,0.135101,0.463063,-0.0987549,-0.317002,NAN,NAN,NAN,NAN,NAN,NAN,NAN,NAN,NAN,NAN,0.0989464,-0.423258,-0.0483038,NAN,NAN,NAN,NAN,NAN,NAN,NAN,NAN,NAN,NAN,NAN,NAN,NAN,NAN,NAN,NAN,NAN,NAN,NAN,NAN,NAN,NAN,NAN,NAN,NAN,
sa014,0.165469,-0.0552908,-0.060974,-0.118012,0.12017,-0.418077,NAN,NAN,NAN,NAN,NAN,NAN,NAN,NAN,NAN,NAN,0.172871,0.190667,0.170621,NAN,NAN,NAN,NAN,NAN,NAN,NAN,NAN,NAN,NAN,NAN,NAN,NAN,NAN,NAN,NAN,NAN,NAN,NAN,NAN,NAN,NAN,NAN,NAN,NAN,
sa015,0.0426488,-0.0331107,-0.163794,-0.150832,-0.10265,0.329103,NAN,NAN,NAN,NAN,NAN,NAN,NAN,NAN,NAN,NAN,-0.124948,0.292847,0.0128013,NAN,NAN,NAN,NAN,NAN,NAN,NAN,NAN,NAN,NAN,NAN,NAN,NAN,NAN,NAN,NAN,NAN,NAN,NAN,NAN,NAN,NAN,NAN,NAN,NAN,
sacov-21934,0.265254,0.229495,-0.111188,-0.128227,-0.110044,-0.0632915,NAN,NAN,NAN,NAN,NAN,NAN,NAN,NAN,NAN,NAN,0.017657,0.120452,-0.0845932,NAN,NAN,NAN,NAN,NAN,NAN,NAN,NAN,NAN,NAN,NAN,NAN,NAN,NAN,NAN,NAN,NAN,NAN,NAN,NAN,NAN,NAN,NAN,NAN,NAN,
sacov-22072,0.363409,-0.00235046,-0.153034,-0.00507185,-0.0718896,-0.275137,NAN,NAN,NAN,NAN,NAN,NAN,NAN,NAN,NAN,NAN,-0.0291883,0.203607,0.0785615,NAN,NAN,NAN,NAN,NAN,NAN,NAN,NAN,NAN,NAN,NAN,NAN,NAN,NAN,NAN,NAN,NAN,NAN,NAN,NAN,NAN,NAN,NAN,NAN,NAN,
sacov-22078,0.273464,0.172705,-0.167978,-0.0950166,0.153166,0.159918,NAN,NAN,NAN,NAN,NAN,NAN,NAN,NAN,NAN,NAN,0.015867,-0.446338,0.0336167,NAN,NAN,NAN,NAN,NAN,NAN,NAN,NAN,NAN,NAN,NAN,NAN,NAN,NAN,NAN,NAN,NAN,NAN,NAN,NAN,NAN,NAN,NAN,NAN,NAN,
sacov-22101,0.351626,-0.104134,-0.319817,-0.0668552,-0.0686729,0.10308,NAN,NAN,NAN,NAN,NAN,NAN,NAN,NAN,NAN,NAN,-0.105972,0.231824,-0.0182219,NAN,NAN,NAN,NAN,NAN,NAN,NAN,NAN,NAN,NAN,NAN,NAN,NAN,NAN,NAN,NAN,NAN,NAN,NAN,NAN,NAN,NAN,NAN,NAN,NAN,
sacov-22104,0.202867,0.132107,-0.168576,-0.0256144,-0.0974321,0.169321,NAN,NAN,NAN,NAN,NAN,NAN,NAN,NAN,NAN,NAN,-0.0247308,0.00806455,-0.0969811,NAN,NAN,NAN,NAN,NAN,NAN,NAN,NAN,NAN,NAN,NAN,NAN,NAN,NAN,NAN,NAN,NAN,NAN,NAN,NAN,NAN,NAN,NAN,NAN,NAN,
sacov-22113,0.589052,0.218293,-0.00239065,0.0455712,-0.281247,-0.289494,NAN,NAN,NAN,NAN,NAN,NAN,NAN,NAN,NAN,NAN,0.126455,-0.39575,0.194204,NAN,NAN,NAN,NAN,NAN,NAN,NAN,NAN,NAN,NAN,NAN,NAN,NAN,NAN,NAN,NAN,NAN,NAN,NAN,NAN,NAN,NAN,NAN,NAN,NAN,
sacov-22160,0.258627,0.0678672,-0.157816,-0.164854,0.0633281,0.255081,NAN,NAN,NAN,NAN,NAN,NAN,NAN,NAN,NAN,NAN,-0.143971,0.0438248,-0.116221,NAN,NAN,NAN,NAN,NAN,NAN,NAN,NAN,NAN,NAN,NAN,NAN,NAN,NAN,NAN,NAN,NAN,NAN,NAN,NAN,NAN,NAN,NAN,NAN,NAN,
b.1.1.7-p03,0.23605,0.174341,-0.539976,0.25533,0.00204768,0.0303703,NAN,NAN,NAN,NAN,NAN,NAN,NAN,NAN,NAN,NAN,0.466106,0.11933,-0.552688,NAN,NAN,NAN,NAN,NAN,NAN,NAN,NAN,NAN,NAN,NAN,NAN,NAN,NAN,NAN,NAN,NAN,NAN,NAN,NAN,NAN,NAN,NAN,NAN,NAN,
b.1.1.7-p05,0.121716,-0.0599927,0.0856905,0.120996,-0.172286,-0.143963,NAN,NAN,NAN,NAN,NAN,NAN,NAN,NAN,NAN,NAN,0.201772,-0.0500034,-0.062022,NAN,NAN,NAN,NAN,NAN,NAN,NAN,NAN,NAN,NAN,NAN,NAN,NAN,NAN,NAN,NAN,NAN,NAN,NAN,NAN,NAN,NAN,NAN,NAN,NAN,
b.1.1.7-p06,0.208838,-0.0928712,0.117812,0.0781179,-0.250164,-0.221842,NAN,NAN,NAN,NAN,NAN,NAN,NAN,NAN,NAN,NAN,0.268894,-0.117882,0.0300996,NAN,NAN,NAN,NAN,NAN,NAN,NAN,NAN,NAN,NAN,NAN,NAN,NAN,NAN,NAN,NAN,NAN,NAN,NAN,NAN,NAN,NAN,NAN,NAN,NAN,
b.1.1.7-p07,0.120424,-0.251285,-0.200602,-0.410296,0.176421,0.204744,NAN,NAN,NAN,NAN,NAN,NAN,NAN,NAN,NAN,NAN,0.12548,0.00370383,0.151685,NAN,NAN,NAN,NAN,NAN,NAN,NAN,NAN,NAN,NAN,NAN,NAN,NAN,NAN,NAN,NAN,NAN,NAN,NAN,NAN,NAN,NAN,NAN,NAN,NAN,
b.1.1.7-p08,0.257376,-0.184333,0.0863502,0.061656,-0.166626,-0.138304,NAN,NAN,NAN,NAN,NAN,NAN,NAN,NAN,NAN,NAN,0.157432,-0.0843437,-0.0263623,NAN,NAN,NAN,NAN,NAN,NAN,NAN,NAN,NAN,NAN,NAN,NAN,NAN,NAN,NAN,NAN,NAN,NAN,NAN,NAN,NAN,NAN,NAN,NAN,NAN,
b.1.1.7-p09,0.122048,-0.149661,0.176022,0.0463278,-0.0919544,-0.0636318,NAN,NAN,NAN,NAN,NAN,NAN,NAN,NAN,NAN,NAN,0.157104,-0.0996719,-0.11169,NAN,NAN,NAN,NAN,NAN,NAN,NAN,NAN,NAN,NAN,NAN,NAN,NAN,NAN,NAN,NAN,NAN,NAN,NAN,NAN,NAN,NAN,NAN,NAN,NAN,
b.1.1.7-p10,0.0792148,-0.0324944,0.178189,0.0434946,-0.0397876,-0.011465,NAN,NAN,NAN,NAN,NAN,NAN,NAN,NAN,NAN,NAN,0.0842708,-0.107505,-0.134524,NAN,NAN,NAN,NAN,NAN,NAN,NAN,NAN,NAN,NAN,NAN,NAN,NAN,NAN,NAN,NAN,NAN,NAN,NAN,NAN,NAN,NAN,NAN,NAN,NAN,
b.1.1.7-p11,0.104436,-0.0922734,0.29841,0.173716,-0.0945666,-0.066244,NAN,NAN,NAN,NAN,NAN,NAN,NAN,NAN,NAN,NAN,0.0694918,-0.0722841,-0.299303,NAN,NAN,NAN,NAN,NAN,NAN,NAN,NAN,NAN,NAN,NAN,NAN,NAN,NAN,NAN,NAN,NAN,NAN,NAN,NAN,NAN,NAN,NAN,NAN,NAN,
b.1.1.7-p14,0.217919,-0.16879,-0.268107,-0.207801,0.148916,0.177239,NAN,NAN,NAN,NAN,NAN,NAN,NAN,NAN,NAN,NAN,0.0729747,0.0261988,-0.0258197,NAN,NAN,NAN,NAN,NAN,NAN,NAN,NAN,NAN,NAN,NAN,NAN,NAN,NAN,NAN,NAN,NAN,NAN,NAN,NAN,NAN,NAN,NAN,NAN,NAN,
b.1.1.7-p15,-0.14212,-0.428829,0.366854,0.08216,0.173878,0.2022,NAN,NAN,NAN,NAN,NAN,NAN,NAN,NAN,NAN,NAN,-0.147064,-0.15884,-0.140858,NAN,NAN,NAN,NAN,NAN,NAN,NAN,NAN,NAN,NAN,NAN,NAN,NAN,NAN,NAN,NAN,NAN,NAN,NAN,NAN,NAN,NAN,NAN,NAN,NAN,
b.1.1.7-p16,0.0963464,-0.230363,0.0053204,-0.0243738,0.062344,0.0906666,NAN,NAN,NAN,NAN,NAN,NAN,NAN,NAN,NAN,NAN,-0.0585976,-0.0403735,0.0326079,NAN,NAN,NAN,NAN,NAN,NAN,NAN,NAN,NAN,NAN,NAN,NAN,NAN,NAN,NAN,NAN,NAN,NAN,NAN,NAN,NAN,NAN,NAN,NAN,NAN,
b.1.1.7-p17,0.251986,-0.0247231,0.11096,0.0062659,-0.117016,-0.0886937,NAN,NAN,NAN,NAN,NAN,NAN,NAN,NAN,NAN,NAN,0.197042,-0.109734,-0.161752,NAN,NAN,NAN,NAN,NAN,NAN,NAN,NAN,NAN,NAN,NAN,NAN,NAN,NAN,NAN,NAN,NAN,NAN,NAN,NAN,NAN,NAN,NAN,NAN,NAN,
b.1.1.7-p18,0.160745,-0.175964,0.129719,0.0900251,-0.0732571,-0.0449345,NAN,NAN,NAN,NAN,NAN,NAN,NAN,NAN,NAN,NAN,-0.0191987,-0.0609747,-0.0379932,NAN,NAN,NAN,NAN,NAN,NAN,NAN,NAN,NAN,NAN,NAN,NAN,NAN,NAN,NAN,NAN,NAN,NAN,NAN,NAN,NAN,NAN,NAN,NAN,NAN,
b.1.1.7-p19,0.153565,-0.0731441,0.00253912,-0.0921551,-0.0854373,-0.0571147,NAN,NAN,NAN,NAN,NAN,NAN,NAN,NAN,NAN,NAN,0.268621,-0.0681548,-0.0151734,NAN,NAN,NAN,NAN,NAN,NAN,NAN,NAN,NAN,NAN,NAN,NAN,NAN,NAN,NAN,NAN,NAN,NAN,NAN,NAN,NAN,NAN,NAN,NAN,NAN,
b.1.1.7-p20,0.0860215,-0.250688,0.254996,0.0203014,0.0120191,0.0403417,NAN,NAN,NAN,NAN,NAN,NAN,NAN,NAN,NAN,NAN,0.0160775,-0.300698,0.0422831,NAN,NAN,NAN,NAN,NAN,NAN,NAN,NAN,NAN,NAN,NAN,NAN,NAN,NAN,NAN,NAN,NAN,NAN,NAN,NAN,NAN,NAN,NAN,NAN,NAN,
b.1.1.7-p22,0.047259,-0.0444502,0.106233,0.0565388,-0.0717434,-0.0434208,NAN,NAN,NAN,NAN,NAN,NAN,NAN,NAN,NAN,NAN,0.267315,-0.204461,-0.0614795,NAN,NAN,NAN,NAN,NAN,NAN,NAN,NAN,NAN,NAN,NAN,NAN,NAN,NAN,NAN,NAN,NAN,NAN,NAN,NAN,NAN,NAN,NAN,NAN,NAN,
b.1.1.7-p23,0.104712,-0.166997,0.128686,0.0239919,-0.18429,-0.155968,NAN,NAN,NAN,NAN,NAN,NAN,NAN,NAN,NAN,NAN,0.189768,-0.102008,0.135974,NAN,NAN,NAN,NAN,NAN,NAN,NAN,NAN,NAN,NAN,NAN,NAN,NAN,NAN,NAN,NAN,NAN,NAN,NAN,NAN,NAN,NAN,NAN,NAN,NAN,
b.1.1.7-p04,-0.0791961,-0.245905,0.259778,0.0750837,0.0118015,0.0401241,NAN,NAN,NAN,NAN,NAN,NAN,NAN,NAN,NAN,NAN,-0.17914,-0.0309161,0.0720654,NAN,NAN,NAN,NAN,NAN,NAN,NAN,NAN,NAN,NAN,NAN,NAN,NAN,NAN,NAN,NAN,NAN,NAN,NAN,NAN,NAN,NAN,NAN,NAN,NAN,
convalescent-01,0.219024,0.330733,-0.189533,0.267967,-0.0083479,-0.484656,NAN,NAN,NAN,NAN,NAN,NAN,NAN,NAN,NAN,NAN,-0.163086,0.212996,-0.157482,NAN,NAN,NAN,NAN,NAN,NAN,NAN,NAN,NAN,NAN,NAN,NAN,NAN,NAN,NAN,NAN,NAN,NAN,NAN,NAN,NAN,NAN,NAN,NAN,NAN,
convalescent-02,0.310522,0.322231,-0.623035,-0.0155347,0.16815,-0.108158,0.235114,-0.291029,-0.116387,0.0128743,0.261326,0.0282584,0.173471,0.198451,0.373044,-0.160139,-0.596588,0.364495,-0.590984,NAN,NAN,NAN,NAN,NAN,NAN,NAN,NAN,NAN,NAN,NAN,NAN,NAN,NAN,NAN,NAN,NAN,NAN,NAN,NAN,NAN,NAN,NAN,NAN,NAN,
convalescent-03,-0.035558,-0.213849,0.0608847,-0.026615,0.18707,-0.0242384,-0.125966,-0.0621097,0.112533,-0.253206,-0.024754,0.0221781,-0.0226097,0.0923709,0.0819641,-0.11622,-0.167668,-0.0465858,0.162936,NAN,NAN,NAN,NAN,NAN,NAN,NAN,NAN,NAN,NAN,NAN,NAN,NAN,NAN,NAN,NAN,NAN,NAN,NAN,NAN,NAN,NAN,NAN,NAN,NAN,
convalescent-04,-0.240676,-0.343967,0.205766,-0.0217333,0.0769517,-0.0293566,NAN,NAN,NAN,NAN,NAN,NAN,NAN,NAN,NAN,NAN,0.147213,-0.236704,0.177818,NAN,NAN,NAN,NAN,NAN,NAN,NAN,NAN,NAN,NAN,NAN,NAN,NAN,NAN,NAN,NAN,NAN,NAN,NAN,NAN,NAN,NAN,NAN,NAN,NAN,
convalescent-05,0.0919306,0.0436398,-0.706627,0.0658736,-0.155441,0.0682503,0.231523,-0.309621,-0.134978,-0.0707173,0.237735,0.104667,0.0598789,0.33486,0.204453,0.016269,0.12982,0.190903,-0.674575,NAN,NAN,NAN,NAN,NAN,NAN,NAN,NAN,NAN,NAN,NAN,NAN,NAN,NAN,NAN,NAN,NAN,NAN,NAN,NAN,NAN,NAN,NAN,NAN,NAN,
convalescent-06,-0.122772,-0.126063,0.16867,-0.0538295,-0.0501445,-0.151453,0.0118197,0.250676,0.425318,-0.15542,-0.111968,0.0249637,0.0751758,-0.00484356,0.0397497,-0.108434,-0.104883,-0.3238,-0.169278,NAN,NAN,NAN,NAN,NAN,NAN,NAN,NAN,NAN,NAN,NAN,NAN,NAN,NAN,NAN,NAN,NAN,NAN,NAN,NAN,NAN,NAN,NAN,NAN,NAN,
convalescent-07,0.156854,-0.0114368,-0.576703,0.140797,0.134482,0.178174,NAN,NAN,NAN,NAN,NAN,NAN,NAN,NAN,NAN,NAN,-0.550256,0.170826,0.345348,NAN,NAN,NAN,NAN,NAN,NAN,NAN,NAN,NAN,NAN,NAN,NAN,NAN,NAN,NAN,NAN,NAN,NAN,NAN,NAN,NAN,NAN,NAN,NAN,NAN,
convalescent-08,-0.101989,-0.0402798,0.0044537,-0.078046,-0.104361,-0.0356694,NAN,NAN,NAN,NAN,NAN,NAN,NAN,NAN,NAN,NAN,0.280901,-0.218017,0.116505,NAN,NAN,NAN,NAN,NAN,NAN,NAN,NAN,NAN,NAN,NAN,NAN,NAN,NAN,NAN,NAN,NAN,NAN,NAN,NAN,NAN,NAN,NAN,NAN,NAN,
convalescent-09,0.332006,0.00371557,-0.591551,0.220949,0.194634,0.063326,NAN,NAN,NAN,NAN,NAN,NAN,NAN,NAN,NAN,NAN,-0.565104,0.120979,0.3205,NAN,NAN,NAN,NAN,NAN,NAN,NAN,NAN,NAN,NAN,NAN,NAN,NAN,NAN,NAN,NAN,NAN,NAN,NAN,NAN,NAN,NAN,NAN,NAN,NAN,
convalescent-10,0.313475,0.340184,-0.245082,0.277418,0.181103,-0.540205,NAN,NAN,NAN,NAN,NAN,NAN,NAN,NAN,NAN,NAN,-0.218635,0.192447,-0.213031,NAN,NAN,NAN,NAN,NAN,NAN,NAN,NAN,NAN,NAN,NAN,NAN,NAN,NAN,NAN,NAN,NAN,NAN,NAN,NAN,NAN,NAN,NAN,NAN,NAN,
convalescent-11,0.159843,0.0265521,-0.358714,0.143786,-0.00752909,0.401163,NAN,NAN,NAN,NAN,NAN,NAN,NAN,NAN,NAN,NAN,-0.332267,0.283815,-0.326663,NAN,NAN,NAN,NAN,NAN,NAN,NAN,NAN,NAN,NAN,NAN,NAN,NAN,NAN,NAN,NAN,NAN,NAN,NAN,NAN,NAN,NAN,NAN,NAN,NAN,
convalescent-12,0.107237,-0.0310534,-0.67132,0.0261804,0.00486541,0.0235571,NAN,NAN,NAN,NAN,NAN,NAN,NAN,NAN,NAN,NAN,0.265127,0.0762097,0.155731,NAN,NAN,NAN,NAN,NAN,NAN,NAN,NAN,NAN,NAN,NAN,NAN,NAN,NAN,NAN,NAN,NAN,NAN,NAN,NAN,NAN,NAN,NAN,NAN,NAN,
convalescent-13,0.187341,0.0140504,-0.586216,0.366284,0.259969,-0.0113391,NAN,NAN,NAN,NAN,NAN,NAN,NAN,NAN,NAN,NAN,0.225231,0.106313,-0.554165,NAN,NAN,NAN,NAN,NAN,NAN,NAN,NAN,NAN,NAN,NAN,NAN,NAN,NAN,NAN,NAN,NAN,NAN,NAN,NAN,NAN,NAN,NAN,NAN,NAN,
convalescent-14,0.346951,0.0336603,-0.486606,0.265894,0.0545791,0.553271,NAN,NAN,NAN,NAN,NAN,NAN,NAN,NAN,NAN,NAN,-0.460159,0.255923,-0.454555,NAN,NAN,NAN,NAN,NAN,NAN,NAN,NAN,NAN,NAN,NAN,NAN,NAN,NAN,NAN,NAN,NAN,NAN,NAN,NAN,NAN,NAN,NAN,NAN,NAN,
convalescent-15,0.0223512,-0.22594,0.133794,0.126294,0.209979,0.0436709,NAN,NAN,NAN,NAN,NAN,NAN,NAN,NAN,NAN,NAN,0.0952409,0.00632351,-0.509155,NAN,NAN,NAN,NAN,NAN,NAN,NAN,NAN,NAN,NAN,NAN,NAN,NAN,NAN,NAN,NAN,NAN,NAN,NAN,NAN,NAN,NAN,NAN,NAN,NAN,
convalescent-16,0.0420783,0.0987875,-0.296479,0.266021,-0.0202937,-0.591602,NAN,NAN,NAN,NAN,NAN,NAN,NAN,NAN,NAN,NAN,-0.270032,-0.668949,1.35557,NAN,NAN,NAN,NAN,NAN,NAN,NAN,NAN,NAN,NAN,NAN,NAN,NAN,NAN,NAN,NAN,NAN,NAN,NAN,NAN,NAN,NAN,NAN,NAN,NAN,
convalescent-17,0.268026,0.0347353,-0.770531,-0.038031,-0.324346,0.124346,0.262618,-0.373526,-0.198883,0.000378109,0.23883,0.0707622,0.495974,0.390955,0.230548,0.0323644,-0.744084,0.0769983,0.12652,NAN,NAN,NAN,NAN,NAN,NAN,NAN,NAN,NAN,NAN,NAN,NAN,NAN,NAN,NAN,NAN,NAN,NAN,NAN,NAN,NAN,NAN,NAN,NAN,NAN,
convalescent-18,0.114411,0.16112,-0.589146,0.0783539,0.0570389,0.0407305,NAN,NAN,NAN,NAN,NAN,NAN,NAN,NAN,NAN,NAN,0.492301,0.163383,-0.557095,NAN,NAN,NAN,NAN,NAN,NAN,NAN,NAN,NAN,NAN,NAN,NAN,NAN,NAN,NAN,NAN,NAN,NAN,NAN,NAN,NAN,NAN,NAN,NAN,NAN,
convalescent-19,0.164625,0.261334,-0.0789321,0.333568,0.237253,-0.374055,NAN,NAN,NAN,NAN,NAN,NAN,NAN,NAN,NAN,NAN,-0.0524851,-0.451403,-0.0468808,NAN,NAN,NAN,NAN,NAN,NAN,NAN,NAN,NAN,NAN,NAN,NAN,NAN,NAN,NAN,NAN,NAN,NAN,NAN,NAN,NAN,NAN,NAN,NAN,NAN,
convalescent-20,-0.121118,-0.159409,-0.0696756,0.0978247,0.10651,-0.134799,NAN,NAN,NAN,NAN,NAN,NAN,NAN,NAN,NAN,NAN,0.0167713,-0.137146,0.212376,NAN,NAN,NAN,NAN,NAN,NAN,NAN,NAN,NAN,NAN,NAN,NAN,NAN,NAN,NAN,NAN,NAN,NAN,NAN,NAN,NAN,NAN,NAN,NAN,NAN,
convalescent-21,0.0283291,-0.0249617,0.0497719,0.0422721,-0.0840428,-0.185351,NAN,NAN,NAN,NAN,NAN,NAN,NAN,NAN,NAN,NAN,0.0512188,-0.0826986,0.111823,NAN,NAN,NAN,NAN,NAN,NAN,NAN,NAN,NAN,NAN,NAN,NAN,NAN,NAN,NAN,NAN,NAN,NAN,NAN,NAN,NAN,NAN,NAN,NAN,NAN,
convalescent-22,-0.12555,-0.218841,-0.0991073,-0.00660702,0.067078,-0.0692303,-0.185958,-0.0821017,0.0925409,-0.00819796,-0.124746,0.0871861,0.0373983,0.192379,-0.153028,-0.0612116,0.14234,-0.166578,0.192944,NAN,NAN,NAN,NAN,NAN,NAN,NAN,NAN,NAN,NAN,NAN,NAN,NAN,NAN,NAN,NAN,NAN,NAN,NAN,NAN,NAN,NAN,NAN,NAN,NAN,
convalescent-23,0.0235468,-0.129744,-0.78001,-0.0575102,-0.0338252,0.0648665,NAN,NAN,NAN,NAN,NAN,NAN,NAN,NAN,NAN,NAN,0.211436,0.0925191,0.512041,NAN,NAN,NAN,NAN,NAN,NAN,NAN,NAN,NAN,NAN,NAN,NAN,NAN,NAN,NAN,NAN,NAN,NAN,NAN,NAN,NAN,NAN,NAN,NAN,NAN,
convalescent-24,0.0513787,-0.0519121,-0.142179,-0.0146783,-0.0859933,0.112698,0.0159709,-0.125173,0.0494696,-0.0462693,-0.167817,-0.0608852,0.059327,0.169308,-0.0410992,-0.0592829,0.0792683,0.0453509,-0.100127,NAN,NAN,NAN,NAN,NAN,NAN,NAN,NAN,NAN,NAN,NAN,NAN,NAN,NAN,NAN,NAN,NAN,NAN,NAN,NAN,NAN,NAN,NAN,NAN,NAN,
convalescent-25,-0.0786752,-0.226966,0.0827675,-0.0547322,0.0439528,0.0676444,NAN,NAN,NAN,NAN,NAN,NAN,NAN,NAN,NAN,NAN,0.0792144,-0.079703,0.0048188,NAN,NAN,NAN,NAN,NAN,NAN,NAN,NAN,NAN,NAN,NAN,NAN,NAN,NAN,NAN,NAN,NAN,NAN,NAN,NAN,NAN,NAN,NAN,NAN,NAN,
convalescent-26,0.113215,0.0749245,0.234658,0.182158,-0.0441567,0.129535,NAN,NAN,NAN,NAN,NAN,NAN,NAN,NAN,NAN,NAN,0.226105,0.0471876,-1.00329,NAN,NAN,NAN,NAN,NAN,NAN,NAN,NAN,NAN,NAN,NAN,NAN,NAN,NAN,NAN,NAN,NAN,NAN,NAN,NAN,NAN,NAN,NAN,NAN,NAN,
convalescent-27,0.00443841,-0.0738524,-0.179119,-0.171619,-0.232934,0.0707581,-0.0309694,-0.0821132,0.0925293,-0.0632095,-0.0747576,0.0121746,0.212387,0.0473673,0.101961,-0.121223,0.00732807,-0.0765893,0.197932,NAN,NAN,NAN,NAN,NAN,NAN,NAN,NAN,NAN,NAN,NAN,NAN,NAN,NAN,NAN,NAN,NAN,NAN,NAN,NAN,NAN,NAN,NAN,NAN,NAN,
convalescent-28,-0.0175041,-0.180795,-0.811061,-0.0935611,0.135124,0.293816,-0.0479119,-0.0840557,0.0905868,-0.105152,-0.2867,0.0752321,0.155444,0.280425,-0.0549819,-0.203166,-0.104614,0.0214682,0.55599,NAN,NAN,NAN,NAN,NAN,NAN,NAN,NAN,NAN,NAN,NAN,NAN,NAN,NAN,NAN,NAN,NAN,NAN,NAN,NAN,NAN,NAN,NAN,NAN,NAN,
convalescent-29,-0.0404167,-0.0437075,0.156026,-0.0164737,-0.102789,-0.049097,NAN,NAN,NAN,NAN,NAN,NAN,NAN,NAN,NAN,NAN,0.032473,-0.146444,0.0730773,NAN,NAN,NAN,NAN,NAN,NAN,NAN,NAN,NAN,NAN,NAN,NAN,NAN,NAN,NAN,NAN,NAN,NAN,NAN,NAN,NAN,NAN,NAN,NAN,NAN,
convalescent-30,-0.0326454,-0.230936,0.0637973,0.0312976,-0.0600174,-0.0513257,NAN,NAN,NAN,NAN,NAN,NAN,NAN,NAN,NAN,NAN,0.0852442,-0.233673,0.295849,NAN,NAN,NAN,NAN,NAN,NAN,NAN,NAN,NAN,NAN,NAN,NAN,NAN,NAN,NAN,NAN,NAN,NAN,NAN,NAN,NAN,NAN,NAN,NAN,NAN,
convalescent-31,-0.0529703,-0.191261,0.138472,-0.0390273,-0.0103423,0.0583494,NAN,NAN,NAN,NAN,NAN,NAN,NAN,NAN,NAN,NAN,0.0599194,-0.183998,0.0755238,NAN,NAN,NAN,NAN,NAN,NAN,NAN,NAN,NAN,NAN,NAN,NAN,NAN,NAN,NAN,NAN,NAN,NAN,NAN,NAN,NAN,NAN,NAN,NAN,NAN,
convalescent-32,0.00919987,-0.179091,-0.804357,0.0181429,0.256828,0.15052,NAN,NAN,NAN,NAN,NAN,NAN,NAN,NAN,NAN,NAN,0.17209,-0.0568279,0.327694,NAN,NAN,NAN,NAN,NAN,NAN,NAN,NAN,NAN,NAN,NAN,NAN,NAN,NAN,NAN,NAN,NAN,NAN,NAN,NAN,NAN,NAN,NAN,NAN,NAN,
convalescent-33,0.0508232,-0.167468,-0.152734,-0.0702338,-0.181549,-0.0478572,-0.0195846,-0.0957285,0.0789141,0.0131752,-0.143373,0.0385593,0.0887715,0.173752,-0.00665467,0.0251616,0.0937128,-0.120205,0.129317,NAN,NAN,NAN,NAN,NAN,NAN,NAN,NAN,NAN,NAN,NAN,NAN,NAN,NAN,NAN,NAN,NAN,NAN,NAN,NAN,NAN,NAN,NAN,NAN,NAN,
convalescent-34,0.0767501,-0.116541,-0.851807,0.0606931,0.289378,-0.0569302,NAN,NAN,NAN,NAN,NAN,NAN,NAN,NAN,NAN,NAN,0.12464,-0.0242776,0.435244,NAN,NAN,NAN,NAN,NAN,NAN,NAN,NAN,NAN,NAN,NAN,NAN,NAN,NAN,NAN,NAN,NAN,NAN,NAN,NAN,NAN,NAN,NAN,NAN,NAN,
pfizer01,9.91171e-05,-0.166962,-0.0823226,0.0428027,0.126408,0.124586,NAN,NAN,NAN,NAN,NAN,NAN,NAN,NAN,NAN,NAN,NAN,NAN,NAN,NAN,0.000337884,NAN,NAN,NAN,NAN,NAN,NAN,NAN,NAN,NAN,NAN,NAN,NAN,NAN,NAN,NAN,NAN,NAN,NAN,NAN,NAN,NAN,NAN,NAN,
pfizer02,-0.256116,-0.0581773,0.261462,0.291588,-0.0498069,0.033371,NAN,NAN,NAN,NAN,NAN,NAN,NAN,NAN,NAN,NAN,NAN,NAN,NAN,NAN,-0.255877,NAN,NAN,NAN,NAN,NAN,NAN,NAN,NAN,NAN,NAN,NAN,NAN,NAN,NAN,NAN,NAN,NAN,NAN,NAN,NAN,NAN,NAN,NAN,
pfizer03,-0.0103586,-0.13242,0.0672197,0.067345,-0.00404968,0.0641282,NAN,NAN,NAN,NAN,NAN,NAN,NAN,NAN,NAN,NAN,NAN,NAN,NAN,NAN,-0.0101199,NAN,NAN,NAN,NAN,NAN,NAN,NAN,NAN,NAN,NAN,NAN,NAN,NAN,NAN,NAN,NAN,NAN,NAN,NAN,NAN,NAN,NAN,NAN,
pfizer04,-0.139587,-0.0116481,0.0129917,-0.116883,0.141722,0.2549,NAN,NAN,NAN,NAN,NAN,NAN,NAN,NAN,NAN,NAN,NAN,NAN,NAN,NAN,-0.139348,NAN,NAN,NAN,NAN,NAN,NAN,NAN,NAN,NAN,NAN,NAN,NAN,NAN,NAN,NAN,NAN,NAN,NAN,NAN,NAN,NAN,NAN,NAN,
pfizer05,-0.0185754,-0.0606369,0.139003,0.0191282,-0.0522665,0.0309114,NAN,NAN,NAN,NAN,NAN,NAN,NAN,NAN,NAN,NAN,NAN,NAN,NAN,NAN,-0.0183367,NAN,NAN,NAN,NAN,NAN,NAN,NAN,NAN,NAN,NAN,NAN,NAN,NAN,NAN,NAN,NAN,NAN,NAN,NAN,NAN,NAN,NAN,NAN,
pfizer06,-0.0223104,-0.0943718,-0.00473204,-0.0996068,0.133999,0.147176,NAN,NAN,NAN,NAN,NAN,NAN,NAN,NAN,NAN,NAN,NAN,NAN,NAN,NAN,-0.0220716,NAN,NAN,NAN,NAN,NAN,NAN,NAN,NAN,NAN,NAN,NAN,NAN,NAN,NAN,NAN,NAN,NAN,NAN,NAN,NAN,NAN,NAN,NAN,
pfizer07,-0.107466,-0.204528,0.035112,0.00523723,0.198843,0.19202,NAN,NAN,NAN,NAN,NAN,NAN,NAN,NAN,NAN,NAN,NAN,NAN,NAN,NAN,-0.107228,NAN,NAN,NAN,NAN,NAN,NAN,NAN,NAN,NAN,NAN,NAN,NAN,NAN,NAN,NAN,NAN,NAN,NAN,NAN,NAN,NAN,NAN,NAN,
pfizer08,-0.0223104,0.0306282,0.225268,0.0953932,-0.146001,-0.122824,NAN,NAN,NAN,NAN,NAN,NAN,NAN,NAN,NAN,NAN,NAN,NAN,NAN,NAN,-0.0220716,NAN,NAN,NAN,NAN,NAN,NAN,NAN,NAN,NAN,NAN,NAN,NAN,NAN,NAN,NAN,NAN,NAN,NAN,NAN,NAN,NAN,NAN,NAN,
pfizer09,0.0815202,-0.125541,0.0190985,0.0492238,0.00782916,-0.0439929,NAN,NAN,NAN,NAN,NAN,NAN,NAN,NAN,NAN,NAN,NAN,NAN,NAN,NAN,0.081759,NAN,NAN,NAN,NAN,NAN,NAN,NAN,NAN,NAN,NAN,NAN,NAN,NAN,NAN,NAN,NAN,NAN,NAN,NAN,NAN,NAN,NAN,NAN,
pfizer10,0.0635926,-0.0384688,0.00617094,-0.0187038,-0.00509842,-0.00692052,NAN,NAN,NAN,NAN,NAN,NAN,NAN,NAN,NAN,NAN,NAN,NAN,NAN,NAN,0.0638314,NAN,NAN,NAN,NAN,NAN,NAN,NAN,NAN,NAN,NAN,NAN,NAN,NAN,NAN,NAN,NAN,NAN,NAN,NAN,NAN,NAN,NAN,NAN,
pfizer11,0.00831592,-0.0837455,0.100894,0.12602,-0.0103751,-0.102197,NAN,NAN,NAN,NAN,NAN,NAN,NAN,NAN,NAN,NAN,NAN,NAN,NAN,NAN,0.00855469,NAN,NAN,NAN,NAN,NAN,NAN,NAN,NAN,NAN,NAN,NAN,NAN,NAN,NAN,NAN,NAN,NAN,NAN,NAN,NAN,NAN,NAN,NAN,
pfizer12,0.0606047,-0.221457,-0.136817,0.0383083,0.0419137,0.220092,NAN,NAN,NAN,NAN,NAN,NAN,NAN,NAN,NAN,NAN,NAN,NAN,NAN,NAN,0.0608435,NAN,NAN,NAN,NAN,NAN,NAN,NAN,NAN,NAN,NAN,NAN,NAN,NAN,NAN,NAN,NAN,NAN,NAN,NAN,NAN,NAN,NAN,NAN,
pfizer13,-0.0499487,-0.0970102,0.12763,0.00275489,0.00636024,0.0895381,NAN,NAN,NAN,NAN,NAN,NAN,NAN,NAN,NAN,NAN,NAN,NAN,NAN,NAN,-0.0497099,NAN,NAN,NAN,NAN,NAN,NAN,NAN,NAN,NAN,NAN,NAN,NAN,NAN,NAN,NAN,NAN,NAN,NAN,NAN,NAN,NAN,NAN,NAN,
pfizer14,-0.0895388,-0.0866003,0.16804,0.113165,-0.0182298,0.0199481,NAN,NAN,NAN,NAN,NAN,NAN,NAN,NAN,NAN,NAN,NAN,NAN,NAN,NAN,-0.0893,NAN,NAN,NAN,NAN,NAN,NAN,NAN,NAN,NAN,NAN,NAN,NAN,NAN,NAN,NAN,NAN,NAN,NAN,NAN,NAN,NAN,NAN,NAN,
pfizer15,-0.035756,-0.0328175,0.0818223,0.0619476,-0.0394471,0.0337308,NAN,NAN,NAN,NAN,NAN,NAN,NAN,NAN,NAN,NAN,NAN,NAN,NAN,NAN,-0.0355173,NAN,NAN,NAN,NAN,NAN,NAN,NAN,NAN,NAN,NAN,NAN,NAN,NAN,NAN,NAN,NAN,NAN,NAN,NAN,NAN,NAN,NAN,NAN,
pfizer16,0.0718094,-0.090252,0.0143878,0.034513,-0.106882,0.0712963,NAN,NAN,NAN,NAN,NAN,NAN,NAN,NAN,NAN,NAN,NAN,NAN,NAN,NAN,0.0720482,NAN,NAN,NAN,NAN,NAN,NAN,NAN,NAN,NAN,NAN,NAN,NAN,NAN,NAN,NAN,NAN,NAN,NAN,NAN,NAN,NAN,NAN,NAN,
pfizer17,0.048653,-0.148408,0.0162313,-0.0686434,-3.8068e-05,0.16314,NAN,NAN,NAN,NAN,NAN,NAN,NAN,NAN,NAN,NAN,NAN,NAN,NAN,NAN,0.0488917,NAN,NAN,NAN,NAN,NAN,NAN,NAN,NAN,NAN,NAN,NAN,NAN,NAN,NAN,NAN,NAN,NAN,NAN,NAN,NAN,NAN,NAN,NAN,
pfizer18,-0.00662373,-0.138685,-0.0440454,-0.0489201,0.204685,0.0828631,NAN,NAN,NAN,NAN,NAN,NAN,NAN,NAN,NAN,NAN,NAN,NAN,NAN,NAN,-0.00638496,NAN,NAN,NAN,NAN,NAN,NAN,NAN,NAN,NAN,NAN,NAN,NAN,NAN,NAN,NAN,NAN,NAN,NAN,NAN,NAN,NAN,NAN,NAN,
pfizer19,-0.0753461,-0.0324076,0.0022322,0.0423575,0.185963,-0.0258593,NAN,NAN,NAN,NAN,NAN,NAN,NAN,NAN,NAN,NAN,NAN,NAN,NAN,NAN,-0.0751073,NAN,NAN,NAN,NAN,NAN,NAN,NAN,NAN,NAN,NAN,NAN,NAN,NAN,NAN,NAN,NAN,NAN,NAN,NAN,NAN,NAN,NAN,NAN,
pfizer20,-0.0409849,-0.0580464,0.00659339,0.0567187,0.105324,0.00350193,NAN,NAN,NAN,NAN,NAN,NAN,NAN,NAN,NAN,NAN,NAN,NAN,NAN,NAN,-0.0407462,NAN,NAN,NAN,NAN,NAN,NAN,NAN,NAN,NAN,NAN,NAN,NAN,NAN,NAN,NAN,NAN,NAN,NAN,NAN,NAN,NAN,NAN,NAN,
pfizer21,0.0568698,0.0448083,-0.0555519,0.0545734,-0.106821,0.0113566,NAN,NAN,NAN,NAN,NAN,NAN,NAN,NAN,NAN,NAN,NAN,NAN,NAN,NAN,0.0571086,NAN,NAN,NAN,NAN,NAN,NAN,NAN,NAN,NAN,NAN,NAN,NAN,NAN,NAN,NAN,NAN,NAN,NAN,NAN,NAN,NAN,NAN,NAN,
pfizer22,-0.0566716,-0.088733,0.110907,0.051032,-0.0353626,0.102815,NAN,NAN,NAN,NAN,NAN,NAN,NAN,NAN,NAN,NAN,NAN,NAN,NAN,NAN,-0.0564328,NAN,NAN,NAN,NAN,NAN,NAN,NAN,NAN,NAN,NAN,NAN,NAN,NAN,NAN,NAN,NAN,NAN,NAN,NAN,NAN,NAN,NAN,NAN,
pfizer23,0.0837612,-0.0683003,-0.00866053,0.0214648,-0.0849299,0.043248,NAN,NAN,NAN,NAN,NAN,NAN,NAN,NAN,NAN,NAN,NAN,NAN,NAN,NAN,0.0839999,NAN,NAN,NAN,NAN,NAN,NAN,NAN,NAN,NAN,NAN,NAN,NAN,NAN,NAN,NAN,NAN,NAN,NAN,NAN,NAN,NAN,NAN,NAN,
pfizer24,-0.0648884,-0.14195,0.06269,0.0528152,-0.0185794,0.199598,NAN,NAN,NAN,NAN,NAN,NAN,NAN,NAN,NAN,NAN,NAN,NAN,NAN,NAN,-0.0646496,NAN,NAN,NAN,NAN,NAN,NAN,NAN,NAN,NAN,NAN,NAN,NAN,NAN,NAN,NAN,NAN,NAN,NAN,NAN,NAN,NAN,NAN,NAN,
pfizer25,-0.0925267,0.000411818,0.210052,0.0751769,-0.141218,0.0569601,NAN,NAN,NAN,NAN,NAN,NAN,NAN,NAN,NAN,NAN,NAN,NAN,NAN,NAN,-0.0922879,NAN,NAN,NAN,NAN,NAN,NAN,NAN,NAN,NAN,NAN,NAN,NAN,NAN,NAN,NAN,NAN,NAN,NAN,NAN,NAN,NAN,NAN,NAN,
chadox1_01,-0.111201,0.0267373,0.151377,0.0265023,0.0101077,0.0182856,NAN,NAN,NAN,NAN,NAN,NAN,NAN,NAN,NAN,NAN,NAN,NAN,NAN,NAN,NAN,-0.110963,NAN,NAN,NAN,NAN,NAN,NAN,NAN,NAN,NAN,NAN,NAN,NAN,NAN,NAN,NAN,NAN,NAN,NAN,NAN,NAN,NAN,NAN,
chadox1_02,-0.124647,0.00329157,0.177931,0.0830566,-0.033338,0.0248399,NAN,NAN,NAN,NAN,NAN,NAN,NAN,NAN,NAN,NAN,NAN,NAN,NAN,NAN,NAN,-0.124408,NAN,NAN,NAN,NAN,NAN,NAN,NAN,NAN,NAN,NAN,NAN,NAN,NAN,NAN,NAN,NAN,NAN,NAN,NAN,NAN,NAN,NAN,
chadox1_03,0.234652,0.17759,0.0522299,-0.192645,-0.214039,-0.175862,NAN,NAN,NAN,NAN,NAN,NAN,NAN,NAN,NAN,NAN,NAN,NAN,NAN,NAN,NAN,0.23489,NAN,NAN,NAN,NAN,NAN,NAN,NAN,NAN,NAN,NAN,NAN,NAN,NAN,NAN,NAN,NAN,NAN,NAN,NAN,NAN,NAN,NAN,
chadox1_04,-0.129129,-0.13119,0.153449,0.0185747,0.19218,0.030358,NAN,NAN,NAN,NAN,NAN,NAN,NAN,NAN,NAN,NAN,NAN,NAN,NAN,NAN,NAN,-0.12889,NAN,NAN,NAN,NAN,NAN,NAN,NAN,NAN,NAN,NAN,NAN,NAN,NAN,NAN,NAN,NAN,NAN,NAN,NAN,NAN,NAN,NAN,
chadox1_05,0.00532799,0.0182665,0.102906,0.128032,-0.233363,0.0198148,NAN,NAN,NAN,NAN,NAN,NAN,NAN,NAN,NAN,NAN,NAN,NAN,NAN,NAN,NAN,0.00556676,NAN,NAN,NAN,NAN,NAN,NAN,NAN,NAN,NAN,NAN,NAN,NAN,NAN,NAN,NAN,NAN,NAN,NAN,NAN,NAN,NAN,NAN,
chadox1_06,0.112146,0.200085,0.0547248,-0.0351499,-0.386545,0.0216333,NAN,NAN,NAN,NAN,NAN,NAN,NAN,NAN,NAN,NAN,NAN,NAN,NAN,NAN,NAN,0.112385,NAN,NAN,NAN,NAN,NAN,NAN,NAN,NAN,NAN,NAN,NAN,NAN,NAN,NAN,NAN,NAN,NAN,NAN,NAN,NAN,NAN,NAN,
chadox1_07,0.0523879,-0.0796736,0.00996621,-0.00490851,0.248697,-0.218125,NAN,NAN,NAN,NAN,NAN,NAN,NAN,NAN,NAN,NAN,NAN,NAN,NAN,NAN,NAN,0.0526267,NAN,NAN,NAN,NAN,NAN,NAN,NAN,NAN,NAN,NAN,NAN,NAN,NAN,NAN,NAN,NAN,NAN,NAN,NAN,NAN,NAN,NAN,
chadox1_08,-0.0215634,0.0263752,0.0960149,0.0811402,-0.0652544,-0.0570765,NAN,NAN,NAN,NAN,NAN,NAN,NAN,NAN,NAN,NAN,NAN,NAN,NAN,NAN,NAN,-0.0213246,NAN,NAN,NAN,NAN,NAN,NAN,NAN,NAN,NAN,NAN,NAN,NAN,NAN,NAN,NAN,NAN,NAN,NAN,NAN,NAN,NAN,NAN,
chadox1_09,-0.0282862,0.109652,0.194292,-0.110583,-0.156977,0.0562006,NAN,NAN,NAN,NAN,NAN,NAN,NAN,NAN,NAN,NAN,NAN,NAN,NAN,NAN,NAN,-0.0280475,NAN,NAN,NAN,NAN,NAN,NAN,NAN,NAN,NAN,NAN,NAN,NAN,NAN,NAN,NAN,NAN,NAN,NAN,NAN,NAN,NAN,NAN,
chadox1_10,-0.0701172,-0.0571787,0.202461,-0.0124136,-0.0788083,0.10937,NAN,NAN,NAN,NAN,NAN,NAN,NAN,NAN,NAN,NAN,NAN,NAN,NAN,NAN,NAN,-0.0698785,NAN,NAN,NAN,NAN,NAN,NAN,NAN,NAN,NAN,NAN,NAN,NAN,NAN,NAN,NAN,NAN,NAN,NAN,NAN,NAN,NAN,NAN,
chadox1_11,0.00234006,-0.0747214,0.0849184,0.0450437,-0.021351,0.00682691,NAN,NAN,NAN,NAN,NAN,NAN,NAN,NAN,NAN,NAN,NAN,NAN,NAN,NAN,NAN,0.00257883,NAN,NAN,NAN,NAN,NAN,NAN,NAN,NAN,NAN,NAN,NAN,NAN,NAN,NAN,NAN,NAN,NAN,NAN,NAN,NAN,NAN,NAN,
chadox1_12,0.00383403,-0.0332274,0.176412,0.0665376,-0.134857,-0.0366791,NAN,NAN,NAN,NAN,NAN,NAN,NAN,NAN,NAN,NAN,NAN,NAN,NAN,NAN,NAN,0.0040728,NAN,NAN,NAN,NAN,NAN,NAN,NAN,NAN,NAN,NAN,NAN,NAN,NAN,NAN,NAN,NAN,NAN,NAN,NAN,NAN,NAN,NAN,
chadox1_13,-0.0275392,-0.0796007,-0.0549609,0.00016436,0.30377,-0.0780524,NAN,NAN,NAN,NAN,NAN,NAN,NAN,NAN,NAN,NAN,NAN,NAN,NAN,NAN,NAN,-0.0273005,NAN,NAN,NAN,NAN,NAN,NAN,NAN,NAN,NAN,NAN,NAN,NAN,NAN,NAN,NAN,NAN,NAN,NAN,NAN,NAN,NAN,NAN,
chadox1_14,0.0195207,-0.00254081,-0.127901,0.147224,0.0408296,-0.0459925,NAN,NAN,NAN,NAN,NAN,NAN,NAN,NAN,NAN,NAN,NAN,NAN,NAN,NAN,NAN,0.0197594,NAN,NAN,NAN,NAN,NAN,NAN,NAN,NAN,NAN,NAN,NAN,NAN,NAN,NAN,NAN,NAN,NAN,NAN,NAN,NAN,NAN,NAN,
chadox1_15,0.0695685,0.057507,0.127147,0.117272,-0.204123,-0.170945,NAN,NAN,NAN,NAN,NAN,NAN,NAN,NAN,NAN,NAN,NAN,NAN,NAN,NAN,NAN,0.0698073,NAN,NAN,NAN,NAN,NAN,NAN,NAN,NAN,NAN,NAN,NAN,NAN,NAN,NAN,NAN,NAN,NAN,NAN,NAN,NAN,NAN,NAN,
chadox1_16,0.0180267,-0.134035,0.045605,0.0557303,-0.0456644,0.0925135,NAN,NAN,NAN,NAN,NAN,NAN,NAN,NAN,NAN,NAN,NAN,NAN,NAN,NAN,NAN,0.0182655,NAN,NAN,NAN,NAN,NAN,NAN,NAN,NAN,NAN,NAN,NAN,NAN,NAN,NAN,NAN,NAN,NAN,NAN,NAN,NAN,NAN,NAN,
chadox1_17,0.08899,0.0369286,-0.148432,0.106694,-0.079701,-0.0215231,NAN,NAN,NAN,NAN,NAN,NAN,NAN,NAN,NAN,NAN,NAN,NAN,NAN,NAN,NAN,0.0892288,NAN,NAN,NAN,NAN,NAN,NAN,NAN,NAN,NAN,NAN,NAN,NAN,NAN,NAN,NAN,NAN,NAN,NAN,NAN,NAN,NAN,NAN,
chadox1_18,-0.0133466,0.099592,0.0492317,-0.050643,-0.0770376,0.0461403,NAN,NAN,NAN,NAN,NAN,NAN,NAN,NAN,NAN,NAN,NAN,NAN,NAN,NAN,NAN,-0.0131078,NAN,NAN,NAN,NAN,NAN,NAN,NAN,NAN,NAN,NAN,NAN,NAN,NAN,NAN,NAN,NAN,NAN,NAN,NAN,NAN,NAN,NAN,
chadox1_19,0.0150388,-0.0570227,-0.0423829,0.0827424,0.0513477,-0.0154744,NAN,NAN,NAN,NAN,NAN,NAN,NAN,NAN,NAN,NAN,NAN,NAN,NAN,NAN,NAN,0.0152775,NAN,NAN,NAN,NAN,NAN,NAN,NAN,NAN,NAN,NAN,NAN,NAN,NAN,NAN,NAN,NAN,NAN,NAN,NAN,NAN,NAN,NAN,
chadox1_20,0.00682196,0.10476,-0.0905997,0.0995256,0.00313091,-0.0836912,NAN,NAN,NAN,NAN,NAN,NAN,NAN,NAN,NAN,NAN,NAN,NAN,NAN,NAN,NAN,0.00706073,NAN,NAN,NAN,NAN,NAN,NAN,NAN,NAN,NAN,NAN,NAN,NAN,NAN,NAN,NAN,NAN,NAN,NAN,NAN,NAN,NAN,NAN,
chadox1_21,0.0120508,0.0249894,-0.0653708,0.159754,-0.0316402,-0.0634623,NAN,NAN,NAN,NAN,NAN,NAN,NAN,NAN,NAN,NAN,NAN,NAN,NAN,NAN,NAN,0.0122896,NAN,NAN,NAN,NAN,NAN,NAN,NAN,NAN,NAN,NAN,NAN,NAN,NAN,NAN,NAN,NAN,NAN,NAN,NAN,NAN,NAN,NAN,
chadox1_22,-0.00961166,0.0433269,-0.0820333,0.168092,-0.0533027,-0.0151248,NAN,NAN,NAN,NAN,NAN,NAN,NAN,NAN,NAN,NAN,NAN,NAN,NAN,NAN,NAN,-0.00937289,NAN,NAN,NAN,NAN,NAN,NAN,NAN,NAN,NAN,NAN,NAN,NAN,NAN,NAN,NAN,NAN,NAN,NAN,NAN,NAN,NAN,NAN,
chadox1_23,-0.00512976,0.0428088,-0.0375514,0.132574,-0.0338208,-0.0506429,NAN,NAN,NAN,NAN,NAN,NAN,NAN,NAN,NAN,NAN,NAN,NAN,NAN,NAN,NAN,-0.00489099,NAN,NAN,NAN,NAN,NAN,NAN,NAN,NAN,NAN,NAN,NAN,NAN,NAN,NAN,NAN,NAN,NAN,NAN,NAN,NAN,NAN,NAN,
chadox1_24,-0.0648884,0.0580502,-0.04231,0.0628152,-0.0885794,0.164598,NAN,NAN,NAN,NAN,NAN,NAN,NAN,NAN,NAN,NAN,NAN,NAN,NAN,NAN,NAN,-0.0646496,NAN,NAN,NAN,NAN,NAN,NAN,NAN,NAN,NAN,NAN,NAN,NAN,NAN,NAN,NAN,NAN,NAN,NAN,NAN,NAN,NAN,NAN,
chadox1_25,0.0337133,0.0616519,0.0662916,0.0164169,0.00502228,-0.1618,NAN,NAN,NAN,NAN,NAN,NAN,NAN,NAN,NAN,NAN,NAN,NAN,NAN,NAN,NAN,0.0339521,NAN,NAN,NAN,NAN,NAN,NAN,NAN,NAN,NAN,NAN,NAN,NAN,NAN,NAN,NAN,NAN,NAN,NAN,NAN,NAN,NAN,NAN,
moderna_v01,NAN,NAN,NAN,NAN,NAN,NAN,NAN,NAN,NAN,NAN,NAN,NAN,NAN,NAN,NAN,NAN,NAN,NAN,NAN,0.0231481,NAN,NAN,-0.282333,0.123676,-0.00246179,0.248976,-0.0295245,0.411766,-0.0649655,-0.183658,-0.0223891,-0.331433,0.243956,-0.0184507,-0.110866,-0.494473,-0.225151,0.298593,-0.123882,0.248976,0.107332,NAN,NAN,NAN,
moderna_v02,NAN,NAN,NAN,NAN,NAN,NAN,NAN,NAN,NAN,NAN,NAN,NAN,NAN,NAN,NAN,NAN,NAN,NAN,NAN,-0.0160991,NAN,NAN,-0.219183,0.0844288,-0.0852149,0.0546516,0.157221,0.0694517,-0.199523,-0.0091831,0.0771798,-0.469035,-0.116218,0.0538737,0.0287242,0.106747,0.0182592,0.19258,-0.0302779,0.0546516,0.0245786,NAN,NAN,NAN,
moderna_v03,NAN,NAN,NAN,NAN,NAN,NAN,NAN,NAN,NAN,NAN,NAN,NAN,NAN,NAN,NAN,NAN,NAN,NAN,NAN,0.22413,NAN,NAN,-0.134031,0.02524,0.0779393,-0.0466677,0.0943825,-0.0467941,0.0407065,-0.0439769,0.178593,-0.725873,-0.169882,0.0437154,0.268953,0.215794,-0.13574,0.216918,-0.0540827,-0.0466677,0.0350417,NAN,NAN,NAN,
moderna_v04,NAN,NAN,NAN,NAN,NAN,NAN,NAN,NAN,NAN,NAN,NAN,NAN,NAN,NAN,NAN,NAN,NAN,NAN,NAN,0.0103334,NAN,NAN,0.110317,0.0337862,0.403347,0.268431,0.227159,-0.198009,0.109567,-0.0739116,-0.112279,-0.577434,-0.13744,0.248542,-0.0836594,-0.160714,-0.0506183,0.0507767,-0.280538,0.268431,-0.252056,NAN,NAN,NAN,
moderna_v05,NAN,NAN,NAN,NAN,NAN,NAN,NAN,NAN,NAN,NAN,NAN,NAN,NAN,NAN,NAN,NAN,NAN,NAN,NAN,0.0890593,NAN,NAN,0.0148902,-0.109831,0.0199434,-0.234419,0.133465,-0.119283,0.0844726,0.0637057,0.134683,-0.203905,-0.142241,0.00395449,0.217409,-0.0534088,-0.189551,0.129503,0.323099,-0.234419,-0.0444161,NAN,NAN,NAN,
moderna_v06,NAN,NAN,NAN,NAN,NAN,NAN,NAN,NAN,NAN,NAN,NAN,NAN,NAN,NAN,NAN,NAN,NAN,NAN,NAN,0.0100062,NAN,NAN,-0.119776,-0.105357,-0.0591096,0.354029,0.0240996,0.00439602,0.00541963,-0.126919,0.103285,-0.399424,-0.0901124,0.079979,0.0983355,0.00167018,-0.0944515,-0.0407114,-0.102528,0.354029,-0.0931572,NAN,NAN,NAN,
moderna_v07,NAN,NAN,NAN,NAN,NAN,NAN,NAN,NAN,NAN,NAN,NAN,NAN,NAN,NAN,NAN,NAN,NAN,NAN,NAN,-0.157088,NAN,NAN,-0.0571045,0.0961303,-0.182698,0.260236,0.0162314,-0.115044,0.00103641,-0.078622,-0.111465,-0.0782641,0.339754,0.00404526,-0.207575,-0.299557,-0.12273,0.148669,0.114005,0.260236,-0.193486,NAN,NAN,NAN,
moderna_v08,NAN,NAN,NAN,NAN,NAN,NAN,NAN,NAN,NAN,NAN,NAN,NAN,NAN,NAN,NAN,NAN,NAN,NAN,NAN,0.122545,NAN,NAN,-0.00723725,0.102492,0.0534289,-0.200933,0.104369,-0.0513014,0.0344312,-0.125952,-0.0345639,0.565489,-0.180306,-0.212947,-0.412642,-0.0199232,-0.26172,0.0318061,-0.0721405,0.492214,-0.0109306,NAN,NAN,NAN,
moderna_v09,NAN,NAN,NAN,NAN,NAN,NAN,NAN,NAN,NAN,NAN,NAN,NAN,NAN,NAN,NAN,NAN,NAN,NAN,NAN,0.0243933,NAN,NAN,0.0473023,0.159418,-0.0447225,-0.043672,-0.196515,0.0187831,-0.111375,-0.0312722,-0.0211438,-0.148735,-0.0757253,0.0598696,-0.0260934,-0.0209967,-0.120085,0.112492,0.0324405,-0.043672,0.247393,NAN,NAN,NAN,
moderna_v10,NAN,NAN,NAN,NAN,NAN,NAN,NAN,NAN,NAN,NAN,NAN,NAN,NAN,NAN,NAN,NAN,NAN,NAN,NAN,-0.149661,NAN,NAN,0.0414837,-0.385605,-0.175271,0.636462,-0.167837,-0.202926,-0.0504279,-0.142745,-0.151692,-0.120057,-0.158619,0.266885,0.344133,-0.229548,-0.210613,0.059018,-0.225141,0.636462,0.0298323,NAN,NAN,NAN,
moderna_v11,NAN,NAN,NAN,NAN,NAN,NAN,NAN,NAN,NAN,NAN,NAN,NAN,NAN,NAN,NAN,NAN,NAN,NAN,NAN,-0.0642455,NAN,NAN,0.0357385,-0.000771653,0.00545464,0.491206,-0.116918,-0.0222007,-0.108853,-0.0573295,-0.0186216,-0.73554,0.129529,-0.0658232,-0.0194223,-0.176402,-0.0775422,-0.154984,-0.243545,0.491206,0.438562,NAN,NAN,NAN,
moderna_v12,NAN,NAN,NAN,NAN,NAN,NAN,NAN,NAN,NAN,NAN,NAN,NAN,NAN,NAN,NAN,NAN,NAN,NAN,NAN,0.0261078,NAN,NAN,-0.0766408,0.0895816,-0.0830291,-0.0419575,0.0402011,0.0681525,0.0585752,0.0330237,0.119387,-0.306247,-0.0740109,-0.058997,-0.107906,-0.0860483,-0.252503,0.269284,0.13449,-0.0419575,0.110291,NAN,NAN,NAN,
pfizer_v13,NAN,NAN,NAN,NAN,NAN,NAN,NAN,NAN,NAN,NAN,NAN,NAN,NAN,NAN,NAN,NAN,NAN,NAN,NAN,NAN,-0.0107132,NAN,-0.0545703,-0.246657,-0.0798291,-0.0787785,-0.140461,0.0748375,0.118832,0.107774,-0.0562504,0.0511606,-0.0196709,0.15042,-0.0612,-0.0561033,-0.226742,0.197966,0.0706354,-0.0787785,0.121125,NAN,NAN,NAN,
pfizer_v14,NAN,NAN,NAN,NAN,NAN,NAN,NAN,NAN,NAN,NAN,NAN,NAN,NAN,NAN,NAN,NAN,NAN,NAN,NAN,NAN,-0.0278146,NAN,-0.157597,0.0356592,-0.271083,0.0864421,-0.0459907,0.0577362,0.00465279,-0.0531682,-0.0733518,0.189137,-0.259115,-0.160574,0.0170086,-0.225896,-0.132272,0.306522,-0.122165,0.0864421,0.511333,NAN,NAN,NAN,
pfizer_v15,NAN,NAN,NAN,NAN,NAN,NAN,NAN,NAN,NAN,NAN,NAN,NAN,NAN,NAN,NAN,NAN,NAN,NAN,NAN,NAN,0.0866385,NAN,-0.0931851,0.0189303,0.0175226,-0.261234,0.0684623,-0.0501538,0.0820519,0.0612849,-0.10274,-0.411783,0.0776808,0.0450397,-0.210087,0.0412484,0.308344,0.218243,0.117946,-0.261234,0.127316,NAN,NAN,NAN,
pfizer_v16,NAN,NAN,NAN,NAN,NAN,NAN,NAN,NAN,NAN,NAN,NAN,NAN,NAN,NAN,NAN,NAN,NAN,NAN,NAN,NAN,0.0205751,NAN,-0.0821735,-0.0471331,-0.0485408,-0.191331,0.277422,0.0626199,-0.0675385,-0.0350905,-0.168803,0.00537344,0.0116175,0.0560513,-0.32883,0.012239,0.00727838,0.229254,0.187849,-0.191331,0.104759,NAN,NAN,NAN,
pfizer_v17,NAN,NAN,NAN,NAN,NAN,NAN,NAN,NAN,NAN,NAN,NAN,NAN,NAN,NAN,NAN,NAN,NAN,NAN,NAN,NAN,0.0596111,NAN,0.298411,-0.21083,-0.0495258,-0.152295,-0.0701365,0.00634586,-0.0285025,0.066527,0.0140739,0.212645,-0.0405076,-0.275881,-0.0343817,0.38519,0.177496,-0.102678,-0.0704688,-0.152295,-0.179519,NAN,NAN,NAN,
pfizer_v18,NAN,NAN,NAN,NAN,NAN,NAN,NAN,NAN,NAN,NAN,NAN,NAN,NAN,NAN,NAN,NAN,NAN,NAN,NAN,NAN,0.123607,NAN,-0.122983,-0.0752836,0.193307,-0.0560302,0.03388,0.0703414,0.11902,0.012328,-0.0335021,-0.272665,-0.144748,-0.303047,-0.173119,0.294108,0.456883,0.484977,-0.686519,-0.0560302,0.0527127,NAN,NAN,NAN,
pfizer_v19,NAN,NAN,NAN,NAN,NAN,NAN,NAN,NAN,NAN,NAN,NAN,NAN,NAN,NAN,NAN,NAN,NAN,NAN,NAN,NAN,0.0135325,NAN,-0.211777,0.0770064,-0.0555834,-0.0110268,0.0865174,0.0079223,-0.0745811,-0.011821,-0.0320046,-0.546191,0.0816499,-0.119227,-0.120481,0.00519647,0.532591,0.400549,-0.181153,-0.0110268,-0.0228649,NAN,NAN,NAN,
pfizer_v20,NAN,NAN,NAN,NAN,NAN,NAN,NAN,NAN,NAN,NAN,NAN,NAN,NAN,NAN,NAN,NAN,NAN,NAN,NAN,NAN,0.199286,NAN,-0.191145,0.26276,-0.0136709,-0.215353,0.0260324,-0.177293,0.298519,-0.0288001,0.113728,0.0584273,-0.0690687,-0.227367,0.196454,-0.155624,-0.507158,0.239729,0.0199861,-0.215353,0.37878,NAN,NAN,NAN,
pfizer_v21,NAN,NAN,NAN,NAN,NAN,NAN,NAN,NAN,NAN,NAN,NAN,NAN,NAN,NAN,NAN,NAN,NAN,NAN,NAN,NAN,0.168872,NAN,0.312362,-0.0670717,0.238573,0.0237322,-0.143197,0.0320803,0.0807589,0.0319474,-0.0508177,-0.573973,-0.133979,-0.0950693,0.0748797,0.0567164,0.155576,-0.0845777,0.00544713,0.0237322,-0.0935174,NAN,NAN,NAN,
pfizer_v22,NAN,NAN,NAN,NAN,NAN,NAN,NAN,NAN,NAN,NAN,NAN,NAN,NAN,NAN,NAN,NAN,NAN,NAN,NAN,NAN,-0.0417738,NAN,0.197026,0.261487,-0.150911,-0.0186781,-0.0944464,-0.047384,-0.129887,0.0366926,-0.127332,0.111261,0.0263435,-0.126879,0.0030494,-0.212821,-0.102726,0.233671,0.0666083,-0.0186781,-0.112668,NAN,NAN,NAN,
chen-01,NAN,0.137007,0.278659,NAN,NAN,NAN,NAN,NAN,NAN,NAN,NAN,NAN,NAN,NAN,NAN,NAN,NAN,-0.267982,NAN,NAN,NAN,NAN,NAN,NAN,NAN,NAN,NAN,NAN,NAN,NAN,NAN,NAN,NAN,NAN,NAN,NAN,NAN,NAN,NAN,NAN,NAN,-0.0212887,0.0401526,0.0216119,
chen-02,NAN,0.275733,0.232384,NAN,NAN,NAN,NAN,NAN,NAN,NAN,NAN,NAN,NAN,NAN,NAN,NAN,NAN,-0.104257,NAN,NAN,NAN,NAN,NAN,NAN,NAN,NAN,NAN,NAN,NAN,NAN,NAN,NAN,NAN,NAN,NAN,NAN,NAN,NAN,NAN,NAN,NAN,-0.0625634,-0.161122,0.0203372,
chen-03,NAN,0.0858926,0.257544,NAN,NAN,NAN,NAN,NAN,NAN,NAN,NAN,NAN,NAN,NAN,NAN,NAN,NAN,-0.224097,NAN,NAN,NAN,NAN,NAN,NAN,NAN,NAN,NAN,NAN,NAN,NAN,NAN,NAN,NAN,NAN,NAN,NAN,NAN,NAN,NAN,NAN,NAN,-0.0574036,-0.0209623,0.150497,
chen-04,NAN,0.238663,0.170314,NAN,NAN,NAN,NAN,NAN,NAN,NAN,NAN,NAN,NAN,NAN,NAN,NAN,NAN,-0.136326,NAN,NAN,NAN,NAN,NAN,NAN,NAN,NAN,NAN,NAN,NAN,NAN,NAN,NAN,NAN,NAN,NAN,NAN,NAN,NAN,NAN,NAN,NAN,-0.00463332,-0.138192,0.0682673,
chen-05,NAN,0.182755,0.249407,NAN,NAN,NAN,NAN,NAN,NAN,NAN,NAN,NAN,NAN,NAN,NAN,NAN,NAN,-0.142234,NAN,NAN,NAN,NAN,NAN,NAN,NAN,NAN,NAN,NAN,NAN,NAN,NAN,NAN,NAN,NAN,NAN,NAN,NAN,NAN,NAN,NAN,NAN,-0.0805409,-0.1391,0.12736,
chen-06,NAN,0.327406,0.224057,NAN,NAN,NAN,NAN,NAN,NAN,NAN,NAN,NAN,NAN,NAN,NAN,NAN,NAN,-0.302584,NAN,NAN,NAN,NAN,NAN,NAN,NAN,NAN,NAN,NAN,NAN,NAN,NAN,NAN,NAN,NAN,NAN,NAN,NAN,NAN,NAN,NAN,NAN,0.00910954,-0.0494491,-0.0229898,
chen-07,NAN,0.165192,0.266844,NAN,NAN,NAN,NAN,NAN,NAN,NAN,NAN,NAN,NAN,NAN,NAN,NAN,NAN,-0.279797,NAN,NAN,NAN,NAN,NAN,NAN,NAN,NAN,NAN,NAN,NAN,NAN,NAN,NAN,NAN,NAN,NAN,NAN,NAN,NAN,NAN,NAN,NAN,-0.00810395,-0.0366626,0.0797967,
chen-08,NAN,0.0878352,0.299487,NAN,NAN,NAN,NAN,NAN,NAN,NAN,NAN,NAN,NAN,NAN,NAN,NAN,NAN,-0.202154,NAN,NAN,NAN,NAN,NAN,NAN,NAN,NAN,NAN,NAN,NAN,NAN,NAN,NAN,NAN,NAN,NAN,NAN,NAN,NAN,NAN,NAN,NAN,-0.090461,0.0709803,0.0274396,
chen-09,NAN,0.0846816,0.281333,NAN,NAN,NAN,NAN,NAN,NAN,NAN,NAN,NAN,NAN,NAN,NAN,NAN,NAN,-0.0553077,NAN,NAN,NAN,NAN,NAN,NAN,NAN,NAN,NAN,NAN,NAN,NAN,NAN,NAN,NAN,NAN,NAN,NAN,NAN,NAN,NAN,NAN,NAN,-0.0836146,-0.0221733,-0.000713984,
chen-10,NAN,-0.136832,0.35482,NAN,NAN,NAN,NAN,NAN,NAN,NAN,NAN,NAN,NAN,NAN,NAN,NAN,NAN,0.0231792,NAN,NAN,NAN,NAN,NAN,NAN,NAN,NAN,NAN,NAN,NAN,NAN,NAN,NAN,NAN,NAN,NAN,NAN,NAN,NAN,NAN,NAN,NAN,0.0348723,-0.0436864,-0.0222271,
chen-11,NAN,0.267228,-0.0461202,NAN,NAN,NAN,NAN,NAN,NAN,NAN,NAN,NAN,NAN,NAN,NAN,NAN,NAN,0.147239,NAN,NAN,NAN,NAN,NAN,NAN,NAN,NAN,NAN,NAN,NAN,NAN,NAN,NAN,NAN,NAN,NAN,NAN,NAN,NAN,NAN,NAN,NAN,0.203932,-0.164627,-0.188167,
chen-12,NAN,0.16922,0.165871,NAN,NAN,NAN,NAN,NAN,NAN,NAN,NAN,NAN,NAN,NAN,NAN,NAN,NAN,-0.0257696,NAN,NAN,NAN,NAN,NAN,NAN,NAN,NAN,NAN,NAN,NAN,NAN,NAN,NAN,NAN,NAN,NAN,NAN,NAN,NAN,NAN,NAN,NAN,0.0659235,-0.137635,-0.0311759,
chen-13,NAN,0.230764,0.152415,NAN,NAN,NAN,NAN,NAN,NAN,NAN,NAN,NAN,NAN,NAN,NAN,NAN,NAN,0.0307747,NAN,NAN,NAN,NAN,NAN,NAN,NAN,NAN,NAN,NAN,NAN,NAN,NAN,NAN,NAN,NAN,NAN,NAN,NAN,NAN,NAN,NAN,NAN,0.0524678,-0.151091,-0.104632,
chen-14,NAN,0.0946667,0.321318,NAN,NAN,NAN,NAN,NAN,NAN,NAN,NAN,NAN,NAN,NAN,NAN,NAN,NAN,-0.255323,NAN,NAN,NAN,NAN,NAN,NAN,NAN,NAN,NAN,NAN,NAN,NAN,NAN,NAN,NAN,NAN,NAN,NAN,NAN,NAN,NAN,NAN,NAN,-0.13363,0.0178118,0.144271,
chen-15,NAN,0.0239338,0.315585,NAN,NAN,NAN,NAN,NAN,NAN,NAN,NAN,NAN,NAN,NAN,NAN,NAN,NAN,-0.181055,NAN,NAN,NAN,NAN,NAN,NAN,NAN,NAN,NAN,NAN,NAN,NAN,NAN,NAN,NAN,NAN,NAN,NAN,NAN,NAN,NAN,NAN,NAN,0.155638,-0.142921,0.0235382,
chen-16,NAN,0.225558,0.302209,NAN,NAN,NAN,NAN,NAN,NAN,NAN,NAN,NAN,NAN,NAN,NAN,NAN,NAN,-0.184431,NAN,NAN,NAN,NAN,NAN,NAN,NAN,NAN,NAN,NAN,NAN,NAN,NAN,NAN,NAN,NAN,NAN,NAN,NAN,NAN,NAN,NAN,NAN,-0.152738,-0.0362968,0.0401624,
chen-17,NAN,0.264523,0.256175,NAN,NAN,NAN,NAN,NAN,NAN,NAN,NAN,NAN,NAN,NAN,NAN,NAN,NAN,-0.200466,NAN,NAN,NAN,NAN,NAN,NAN,NAN,NAN,NAN,NAN,NAN,NAN,NAN,NAN,NAN,NAN,NAN,NAN,NAN,NAN,NAN,NAN,NAN,-0.0637731,-0.192332,0.129127,
chen-18,NAN,-0.212532,0.45412,NAN,NAN,NAN,NAN,NAN,NAN,NAN,NAN,NAN,NAN,NAN,NAN,NAN,NAN,-0.0325212,NAN,NAN,NAN,NAN,NAN,NAN,NAN,NAN,NAN,NAN,NAN,NAN,NAN,NAN,NAN,NAN,NAN,NAN,NAN,NAN,NAN,NAN,NAN,-0.225828,0.0106132,0.212073,
chen-19,NAN,-0.0670862,0.399565,NAN,NAN,NAN,NAN,NAN,NAN,NAN,NAN,NAN,NAN,NAN,NAN,NAN,NAN,0.0029245,NAN,NAN,NAN,NAN,NAN,NAN,NAN,NAN,NAN,NAN,NAN,NAN,NAN,NAN,NAN,NAN,NAN,NAN,NAN,NAN,NAN,NAN,NAN,-0.200382,0.0260589,0.0475182,
