victoria,victoria,0
victoria,b.1.1.7,0.263418
victoria,b.1.351,0.972885
victoria,p.1,0.497886
victoria,b.1.617.1-pv,0.335256
victoria,b.1.617.2,0.382639
victoria,wuhan-n501y,0
victoria,wuhan-e484k,0.636897
victoria,b.1.1.7-e484k,0.986182
victoria,b.1.1.7ntd-e484k,0.284704
victoria,b.1.1.7ntd-n501y,0
victoria,b.1.351-e484k,0.635472
victoria,b.1.351-n501y,0.325897
victoria,b.1.351ntd-e484k,0.305858
victoria,p.1-n501y,0
victoria,p.1-e484k,0.0186768
victoria,bristol,1.02578
victoria,d614g,0.227945
victoria,p.2,1.03699
victoria,moderna,0
victoria,pfizer,0
victoria,chadox1,0
victoria,uk_d8,0.369895
victoria,uk_69-70d,0
victoria,uk_144d,0
victoria,uk_n501y,0
victoria,uk_a570d,0
victoria,uk_p681h,0.0161764
victoria,uk_t716i,0
victoria,uk_s982a,0.559388
victoria,uk_d1118h,0.161338
victoria,sa_d9,1.18556
victoria,sa_l18f,0
victoria,sa_d80a,0
victoria,sa_d215g,0
victoria,sa_242-244d,0.178283
victoria,sa_r246i,0
victoria,sa_k417n,0.055269
victoria,sa_e484k,0.636897
victoria,sa_n501y,0
victoria,sa_a701v,0.216704
victoria,ng,0.054763
victoria,kyg,0.992267
victoria,kyng,0.88095
b.1.1.7,victoria,0.263418
b.1.1.7,b.1.1.7,0
b.1.1.7,b.1.351,0.861366
b.1.1.7,p.1,0.531978
b.1.1.7,b.1.617.1-pv,0.355414
b.1.1.7,b.1.617.2,0.412059
b.1.1.7,wuhan-n501y,0.352103
b.1.1.7,wuhan-e484k,0.305493
b.1.1.7,b.1.1.7-e484k,0.784009
b.1.1.7,b.1.1.7ntd-e484k,0.305176
b.1.1.7,b.1.1.7ntd-n501y,0.642161
b.1.1.7,b.1.351-e484k,0.45136
b.1.1.7,b.1.351-n501y,0.348219
b.1.1.7,b.1.351ntd-e484k,0.251919
b.1.1.7,p.1-n501y,0.368475
b.1.1.7,p.1-e484k,0
b.1.1.7,bristol,0.78353
b.1.1.7,d614g,0.379979
b.1.1.7,p.2,0.835941
b.1.1.7,moderna,0.3954
b.1.1.7,pfizer,0.3954
b.1.1.7,chadox1,0.3954
b.1.1.7,uk_d8,0.377691
b.1.1.7,uk_69-70d,0.752462
b.1.1.7,uk_144d,0.415896
b.1.1.7,uk_n501y,0.352103
b.1.1.7,uk_a570d,0.70609
b.1.1.7,uk_p681h,0.16917
b.1.1.7,uk_t716i,0.770949
b.1.1.7,uk_s982a,0
b.1.1.7,uk_d1118h,0.0312638
b.1.1.7,sa_d9,1.23586
b.1.1.7,sa_l18f,0.746063
b.1.1.7,sa_d80a,0.524121
b.1.1.7,sa_d215g,0.444035
b.1.1.7,sa_242-244d,0.294405
b.1.1.7,sa_r246i,0.573629
b.1.1.7,sa_k417n,0.554351
b.1.1.7,sa_e484k,0.305493
b.1.1.7,sa_n501y,0.352103
b.1.1.7,sa_a701v,0.364109
b.1.1.7,ng,0
b.1.1.7,kyg,0.813821
b.1.1.7,kyng,0.624805
b.1.351,victoria,0.972885
b.1.351,b.1.1.7,0.861366
b.1.351,b.1.351,0
b.1.351,p.1,0.525924
b.1.351,b.1.617.1-pv,0.642288
b.1.351,b.1.617.2,1.64579
b.1.351,wuhan-n501y,1.02528
b.1.351,wuhan-e484k,0.860509
b.1.351,b.1.1.7-e484k,0.867976
b.1.351,b.1.1.7ntd-e484k,1.31
b.1.351,b.1.1.7ntd-n501y,1.47737
b.1.351,b.1.351-e484k,0.52776
b.1.351,b.1.351-n501y,0.748142
b.1.351,b.1.351ntd-e484k,0.668628
b.1.351,p.1-n501y,1.36291
b.1.351,p.1-e484k,0.971969
b.1.351,bristol,0.687691
b.1.351,d614g,1.43328
b.1.351,p.2,0.86319
b.1.351,moderna,1.03468
b.1.351,pfizer,1.03468
b.1.351,chadox1,1.03468
b.1.351,uk_d8,0.723523
b.1.351,uk_69-70d,1.66618
b.1.351,uk_144d,1.15832
b.1.351,uk_n501y,1.02528
b.1.351,uk_a570d,1.61928
b.1.351,uk_p681h,0.896706
b.1.351,uk_t716i,1.46796
b.1.351,uk_s982a,0.380927
b.1.351,uk_d1118h,0.7876
b.1.351,sa_d9,0.377691
b.1.351,sa_l18f,1.36799
b.1.351,sa_d80a,1.42958
b.1.351,sa_d215g,1.22808
b.1.351,sa_242-244d,0.794894
b.1.351,sa_r246i,1.07965
b.1.351,sa_k417n,0.9756
b.1.351,sa_e484k,0.860509
b.1.351,sa_n501y,1.02528
b.1.351,sa_a701v,0.772486
b.1.351,ng,1.14227
b.1.351,kyg,1.1749
b.1.351,kyng,0.826267
p.1,victoria,0.497886
p.1,b.1.1.7,0.531978
p.1,b.1.351,0.525924
p.1,p.1,0
p.1,b.1.617.1-pv,0.210461
p.1,b.1.617.2,1.56457
p.1,wuhan-n501y,0.559361
p.1,wuhan-e484k,0.688583
p.1,b.1.1.7-e484k,0.992318
p.1,b.1.1.7ntd-e484k,1.10469
p.1,b.1.1.7ntd-n501y,1.01227
p.1,b.1.351-e484k,0.398601
p.1,b.1.351-n501y,0
p.1,b.1.351ntd-e484k,0.0372554
p.1,p.1-n501y,0.847981
p.1,p.1-e484k,0.493311
p.1,bristol,0.862807
p.1,d614g,1.20093
p.1,p.2,1.01186
p.1,moderna,0.54493
p.1,pfizer,0.54493
p.1,chadox1,0.54493
p.1,uk_d8,0.209305
p.1,uk_69-70d,1.22052
p.1,uk_144d,0.699312
p.1,uk_n501y,0.559361
p.1,uk_a570d,1.13647
p.1,uk_p681h,0.429492
p.1,uk_t716i,0.989259
p.1,uk_s982a,0
p.1,uk_d1118h,0.338611
p.1,sa_d9,0.710979
p.1,sa_l18f,0.851074
p.1,sa_d80a,0.975012
p.1,sa_d215g,0.796042
p.1,sa_242-244d,0.326232
p.1,sa_r246i,0.579517
p.1,sa_k417n,0.472225
p.1,sa_e484k,0.688583
p.1,sa_n501y,0.559361
p.1,sa_a701v,0.282725
p.1,ng,0.851112
p.1,kyg,1.40411
p.1,kyng,1.11164
b.1.617.1-pv,victoria,0.335256
b.1.617.1-pv,b.1.1.7,0.355414
b.1.617.1-pv,b.1.351,0.642288
b.1.617.1-pv,p.1,0.210461
b.1.617.1-pv,b.1.617.1-pv,0
b.1.617.1-pv,b.1.617.2,0.759881
b.1.617.1-pv,wuhan-n501y,0.386113
b.1.617.1-pv,wuhan-e484k,0.67897
b.1.617.1-pv,b.1.1.7-e484k,1.02692
b.1.617.1-pv,b.1.1.7ntd-e484k,0.660306
b.1.617.1-pv,b.1.1.7ntd-n501y,0.687572
b.1.617.1-pv,b.1.351-e484k,0.304373
b.1.617.1-pv,b.1.351-n501y,0.0385319
b.1.617.1-pv,b.1.351ntd-e484k,0
b.1.617.1-pv,p.1-n501y,0
b.1.617.1-pv,p.1-e484k,0
b.1.617.1-pv,bristol,0.967178
b.1.617.1-pv,d614g,0.731454
b.1.617.1-pv,p.2,1.0771
b.1.617.1-pv,moderna,0.41214
b.1.617.1-pv,pfizer,0.41214
b.1.617.1-pv,chadox1,0.41214
b.1.617.1-pv,uk_d8,0.20809
b.1.617.1-pv,uk_69-70d,0.871032
b.1.617.1-pv,uk_144d,0.516158
b.1.617.1-pv,uk_n501y,0.386113
b.1.617.1-pv,uk_a570d,0.71725
b.1.617.1-pv,uk_p681h,0.255971
b.1.617.1-pv,uk_t716i,0.832698
b.1.617.1-pv,uk_s982a,0
b.1.617.1-pv,uk_d1118h,0.145781
b.1.617.1-pv,sa_d9,0.920881
b.1.617.1-pv,sa_l18f,0.57448
b.1.617.1-pv,sa_d80a,0.583099
b.1.617.1-pv,sa_d215g,0.591868
b.1.617.1-pv,sa_242-244d,0.168168
b.1.617.1-pv,sa_r246i,0.490819
b.1.617.1-pv,sa_k417n,0.412151
b.1.617.1-pv,sa_e484k,0.67897
b.1.617.1-pv,sa_n501y,0.386113
b.1.617.1-pv,sa_a701v,0.188182
b.1.617.1-pv,ng,0.171458
b.1.617.1-pv,kyg,1.06548
b.1.617.1-pv,kyng,0.761285
b.1.617.2,victoria,0.382639
b.1.617.2,b.1.1.7,0.412059
b.1.617.2,b.1.351,1.64579
b.1.617.2,p.1,1.56457
b.1.617.2,b.1.617.1-pv,0.759881
b.1.617.2,b.1.617.2,0
b.1.617.2,wuhan-n501y,0.594465
b.1.617.2,wuhan-e484k,0
b.1.617.2,b.1.1.7-e484k,0.304203
b.1.617.2,b.1.1.7ntd-e484k,0.12719
b.1.617.2,b.1.1.7ntd-n501y,0.887973
b.1.617.2,b.1.351-e484k,1.14449
b.1.617.2,b.1.351-n501y,1.33982
b.1.617.2,b.1.351ntd-e484k,1.22069
b.1.617.2,p.1-n501y,1.54837
b.1.617.2,p.1-e484k,0.899062
b.1.617.2,bristol,0.514668
b.1.617.2,d614g,0.154742
b.1.617.2,p.2,0.319867
b.1.617.2,moderna,0.578496
b.1.617.2,pfizer,0.578496
b.1.617.2,chadox1,0.578496
b.1.617.2,uk_d8,0.726738
b.1.617.2,uk_69-70d,0.851865
b.1.617.2,uk_144d,0.539532
b.1.617.2,uk_n501y,0.594465
b.1.617.2,uk_a570d,1.07534
b.1.617.2,uk_p681h,0.286824
b.1.617.2,uk_t716i,0.898974
b.1.617.2,uk_s982a,0.0931024
b.1.617.2,uk_d1118h,0.171415
b.1.617.2,sa_d9,2.20413
b.1.617.2,sa_l18f,1.29012
b.1.617.2,sa_d80a,0.845463
b.1.617.2,sa_d215g,0.588846
b.1.617.2,sa_242-244d,0.673271
b.1.617.2,sa_r246i,0.872034
b.1.617.2,sa_k417n,0.89937
b.1.617.2,sa_e484k,0
b.1.617.2,sa_n501y,0.594465
b.1.617.2,sa_a701v,0.74377
b.1.617.2,ng,0.589631
b.1.617.2,kyg,0.599671
b.1.617.2,kyng,0.912696
wuhan-n501y,victoria,0
wuhan-n501y,b.1.1.7,0.352103
wuhan-n501y,b.1.351,1.02528
wuhan-n501y,p.1,0.559361
wuhan-n501y,b.1.617.1-pv,0.386113
wuhan-n501y,b.1.617.2,0.594465
wuhan-n501y,wuhan-n501y,0
wuhan-n501y,wuhan-e484k,0.784009
wuhan-n501y,b.1.1.7-e484k,1.11676
wuhan-n501y,b.1.1.7ntd-e484k,0.47328
wuhan-n501y,b.1.1.7ntd-n501y,0
wuhan-n501y,b.1.351-e484k,0.68695
wuhan-n501y,b.1.351-n501y,0.3885
wuhan-n501y,b.1.351ntd-e484k,0.359394
wuhan-n501y,p.1-n501y,0.023928
wuhan-n501y,p.1-e484k,0.0695364
wuhan-n501y,bristol,1.13354
wuhan-n501y,d614g,0.452243
wuhan-n501y,p.2,1.16847
wuhan-n501y,moderna,0.0461914
wuhan-n501y,pfizer,0.0461914
wuhan-n501y,chadox1,0.0461914
wuhan-n501y,uk_d8,0.181883
wuhan-n501y,uk_69-70d,0.13225
wuhan-n501y,uk_144d,0.140849
wuhan-n501y,uk_n501y,0
wuhan-n501y,uk_a570d,0
wuhan-n501y,uk_p681h,0
wuhan-n501y,uk_t716i,0.0984607
wuhan-n501y,uk_s982a,0
wuhan-n501y,uk_d1118h,0
wuhan-n501y,sa_d9,1.25547
wuhan-n501y,sa_l18f,0.0514483
wuhan-n501y,sa_d80a,0
wuhan-n501y,sa_d215g,0.0300004
wuhan-n501y,sa_242-244d,0.233628
wuhan-n501y,sa_r246i,0.141625
wuhan-n501y,sa_k417n,0.188866
wuhan-n501y,sa_e484k,0.784009
wuhan-n501y,sa_n501y,0
wuhan-n501y,sa_a701v,0.292839
wuhan-n501y,ng,0.158036
wuhan-n501y,kyg,1.13598
wuhan-n501y,kyng,0.976775
wuhan-e484k,victoria,0.636897
wuhan-e484k,b.1.1.7,0.305493
wuhan-e484k,b.1.351,0.860509
wuhan-e484k,p.1,0.688583
wuhan-e484k,b.1.617.1-pv,0.67897
wuhan-e484k,b.1.617.2,0
wuhan-e484k,wuhan-n501y,0.784009
wuhan-e484k,wuhan-e484k,0
wuhan-e484k,b.1.1.7-e484k,0.352103
wuhan-e484k,b.1.1.7ntd-e484k,0
wuhan-e484k,b.1.1.7ntd-n501y,0.817896
wuhan-e484k,b.1.351-e484k,0.3885
wuhan-e484k,b.1.351-n501y,0.477093
wuhan-e484k,b.1.351ntd-e484k,0.359654
wuhan-e484k,p.1-n501y,0.664457
wuhan-e484k,p.1-e484k,0.023928
wuhan-e484k,bristol,0.424994
wuhan-e484k,d614g,0.0691742
wuhan-e484k,p.2,0.402072
wuhan-e484k,moderna,0.804551
wuhan-e484k,pfizer,0.804551
wuhan-e484k,chadox1,0.804551
wuhan-e484k,uk_d8,0.86918
wuhan-e484k,uk_69-70d,0.847771
wuhan-e484k,uk_144d,0.785413
wuhan-e484k,uk_n501y,0.784009
wuhan-e484k,uk_a570d,0.8892
wuhan-e484k,uk_p681h,0.538947
wuhan-e484k,uk_t716i,1.01766
wuhan-e484k,uk_s982a,0.214248
wuhan-e484k,uk_d1118h,0.405086
wuhan-e484k,sa_d9,1.35295
wuhan-e484k,sa_l18f,1.02009
wuhan-e484k,sa_d80a,0.705945
wuhan-e484k,sa_d215g,0.737933
wuhan-e484k,sa_242-244d,0.79473
wuhan-e484k,sa_r246i,1.04065
wuhan-e484k,sa_k417n,1.04298
wuhan-e484k,sa_e484k,0
wuhan-e484k,sa_n501y,0.784009
wuhan-e484k,sa_a701v,0.86577
wuhan-e484k,ng,0
wuhan-e484k,kyg,0.356349
wuhan-e484k,kyng,0.306921
b.1.1.7-e484k,victoria,0.986182
b.1.1.7-e484k,b.1.1.7,0.784009
b.1.1.7-e484k,b.1.351,0.867976
b.1.1.7-e484k,p.1,0.992318
b.1.1.7-e484k,b.1.617.1-pv,1.02692
b.1.1.7-e484k,b.1.617.2,0.304203
b.1.1.7-e484k,wuhan-n501y,1.11676
b.1.1.7-e484k,wuhan-e484k,0.352103
b.1.1.7-e484k,b.1.1.7-e484k,0
b.1.1.7-e484k,b.1.1.7ntd-e484k,0.642161
b.1.1.7-e484k,b.1.1.7ntd-n501y,1.4778
b.1.1.7-e484k,b.1.351-e484k,0.348219
b.1.1.7-e484k,b.1.351-n501y,0.710589
b.1.1.7-e484k,b.1.351ntd-e484k,0.607239
b.1.1.7-e484k,p.1-n501y,1.24229
b.1.1.7-e484k,p.1-e484k,0.368475
b.1.1.7-e484k,bristol,0.181069
b.1.1.7-e484k,d614g,0.771923
b.1.1.7-e484k,p.2,0.0364196
b.1.1.7-e484k,moderna,1.14714
b.1.1.7-e484k,pfizer,1.14714
b.1.1.7-e484k,chadox1,1.14714
b.1.1.7-e484k,uk_d8,1.15862
b.1.1.7-e484k,uk_69-70d,1.51716
b.1.1.7-e484k,uk_144d,1.13436
b.1.1.7-e484k,uk_n501y,1.11676
b.1.1.7-e484k,uk_a570d,1.65606
b.1.1.7-e484k,uk_p681h,0.888335
b.1.1.7-e484k,uk_t716i,1.49862
b.1.1.7-e484k,uk_s982a,0.502654
b.1.1.7-e484k,uk_d1118h,0.752657
b.1.1.7-e484k,sa_d9,1.5275
b.1.1.7-e484k,sa_l18f,1.74694
b.1.1.7-e484k,sa_d80a,1.41944
b.1.1.7-e484k,sa_d215g,1.1603
b.1.1.7-e484k,sa_242-244d,1.07198
b.1.1.7-e484k,sa_r246i,1.356
b.1.1.7-e484k,sa_k417n,1.33702
b.1.1.7-e484k,sa_e484k,0.352103
b.1.1.7-e484k,sa_n501y,1.11676
b.1.1.7-e484k,sa_a701v,1.13798
b.1.1.7-e484k,ng,0.640858
b.1.1.7-e484k,kyg,0.038737
b.1.1.7-e484k,kyng,0.06525
b.1.1.7ntd-e484k,victoria,0.284704
b.1.1.7ntd-e484k,b.1.1.7,0.305176
b.1.1.7ntd-e484k,b.1.351,1.31
b.1.1.7ntd-e484k,p.1,1.10469
b.1.1.7ntd-e484k,b.1.617.1-pv,0.660306
b.1.1.7ntd-e484k,b.1.617.2,0.12719
b.1.1.7ntd-e484k,wuhan-n501y,0.47328
b.1.1.7ntd-e484k,wuhan-e484k,0
b.1.1.7ntd-e484k,b.1.1.7-e484k,0.642161
b.1.1.7ntd-e484k,b.1.1.7ntd-e484k,0
b.1.1.7ntd-e484k,b.1.1.7ntd-n501y,0.784009
b.1.1.7ntd-e484k,b.1.351-e484k,0.841244
b.1.1.7ntd-e484k,b.1.351-n501y,0.902622
b.1.1.7ntd-e484k,b.1.351ntd-e484k,0.788177
b.1.1.7ntd-e484k,p.1-n501y,0.996191
b.1.1.7ntd-e484k,p.1-e484k,0.445196
b.1.1.7ntd-e484k,bristol,0.792117
b.1.1.7ntd-e484k,d614g,0.130879
b.1.1.7ntd-e484k,p.2,0.673012
b.1.1.7ntd-e484k,moderna,0.469871
b.1.1.7ntd-e484k,pfizer,0.469871
b.1.1.7ntd-e484k,chadox1,0.469871
b.1.1.7ntd-e484k,uk_d8,0.599634
b.1.1.7ntd-e484k,uk_69-70d,0.782224
b.1.1.7ntd-e484k,uk_144d,0.436822
b.1.1.7ntd-e484k,uk_n501y,0.47328
b.1.1.7ntd-e484k,uk_a570d,0.974855
b.1.1.7ntd-e484k,uk_p681h,0.187377
b.1.1.7ntd-e484k,uk_t716i,0.799865
b.1.1.7ntd-e484k,uk_s982a,0
b.1.1.7ntd-e484k,uk_d1118h,0.0631489
b.1.1.7ntd-e484k,sa_d9,1.7834
b.1.1.7ntd-e484k,sa_l18f,1.16535
b.1.1.7ntd-e484k,sa_d80a,0.735405
b.1.1.7ntd-e484k,sa_d215g,0.476179
b.1.1.7ntd-e484k,sa_242-244d,0.547961
b.1.1.7ntd-e484k,sa_r246i,0.747551
b.1.1.7ntd-e484k,sa_k417n,0.772256
b.1.1.7ntd-e484k,sa_e484k,0
b.1.1.7ntd-e484k,sa_n501y,0.47328
b.1.1.7ntd-e484k,sa_a701v,0.618017
b.1.1.7ntd-e484k,ng,0.277828
b.1.1.7ntd-e484k,kyg,0.726785
b.1.1.7ntd-e484k,kyng,0.742175
b.1.1.7ntd-n501y,victoria,0
b.1.1.7ntd-n501y,b.1.1.7,0.642161
b.1.1.7ntd-n501y,b.1.351,1.47737
b.1.1.7ntd-n501y,p.1,1.01227
b.1.1.7ntd-n501y,b.1.617.1-pv,0.687572
b.1.1.7ntd-n501y,b.1.617.2,0.887973
b.1.1.7ntd-n501y,wuhan-n501y,0
b.1.1.7ntd-n501y,wuhan-e484k,0.817896
b.1.1.7ntd-n501y,b.1.1.7-e484k,1.4778
b.1.1.7ntd-n501y,b.1.1.7ntd-e484k,0.784009
b.1.1.7ntd-n501y,b.1.1.7ntd-n501y,0
b.1.1.7ntd-n501y,b.1.351-e484k,1.13209
b.1.1.7ntd-n501y,b.1.351-n501y,0.841244
b.1.1.7ntd-n501y,b.1.351ntd-e484k,0.81223
b.1.1.7ntd-n501y,p.1-n501y,0.445196
b.1.1.7ntd-n501y,p.1-e484k,0.51772
b.1.1.7ntd-n501y,bristol,1.51509
b.1.1.7ntd-n501y,d614g,0.734118
b.1.1.7ntd-n501y,p.2,1.52875
b.1.1.7ntd-n501y,moderna,0
b.1.1.7ntd-n501y,pfizer,0
b.1.1.7ntd-n501y,chadox1,0
b.1.1.7ntd-n501y,uk_d8,0.0406639
b.1.1.7ntd-n501y,uk_69-70d,0.220416
b.1.1.7ntd-n501y,uk_144d,0
b.1.1.7ntd-n501y,uk_n501y,0
b.1.1.7ntd-n501y,uk_a570d,0.0713043
b.1.1.7ntd-n501y,uk_p681h,0
b.1.1.7ntd-n501y,uk_t716i,0.0212714
b.1.1.7ntd-n501y,uk_s982a,0
b.1.1.7ntd-n501y,uk_d1118h,0
b.1.1.7ntd-n501y,sa_d9,1.70644
b.1.1.7ntd-n501y,sa_l18f,0.384024
b.1.1.7ntd-n501y,sa_d80a,0.0625492
b.1.1.7ntd-n501y,sa_d215g,0.0811123
b.1.1.7ntd-n501y,sa_242-244d,0.276462
b.1.1.7ntd-n501y,sa_r246i,0.126309
b.1.1.7ntd-n501y,sa_k417n,0.251188
b.1.1.7ntd-n501y,sa_e484k,0.817896
b.1.1.7ntd-n501y,sa_n501y,0
b.1.1.7ntd-n501y,sa_a701v,0.259567
b.1.1.7ntd-n501y,ng,0.543336
b.1.1.7ntd-n501y,kyg,1.48587
b.1.1.7ntd-n501y,kyng,1.36958
b.1.351-e484k,victoria,0.635472
b.1.351-e484k,b.1.1.7,0.45136
b.1.351-e484k,b.1.351,0.52776
b.1.351-e484k,p.1,0.398601
b.1.351-e484k,b.1.617.1-pv,0.304373
b.1.351-e484k,b.1.617.2,1.14449
b.1.351-e484k,wuhan-n501y,0.68695
b.1.351-e484k,wuhan-e484k,0.3885
b.1.351-e484k,b.1.1.7-e484k,0.348219
b.1.351-e484k,b.1.1.7ntd-e484k,0.841244
b.1.351-e484k,b.1.1.7ntd-n501y,1.13209
b.1.351-e484k,b.1.351-e484k,0
b.1.351-e484k,b.1.351-n501y,0.784009
b.1.351-e484k,b.1.351ntd-e484k,0.434117
b.1.351-e484k,p.1-n501y,1.22082
b.1.351-e484k,p.1-e484k,0.620514
b.1.351-e484k,bristol,0.167249
b.1.351-e484k,d614g,0.968909
b.1.351-e484k,p.2,0.341214
b.1.351-e484k,moderna,0.716454
b.1.351-e484k,pfizer,0.716454
b.1.351-e484k,chadox1,0.716454
b.1.351-e484k,uk_d8,0.457172
b.1.351-e484k,uk_69-70d,1.29833
b.1.351-e484k,uk_144d,0.807381
b.1.351-e484k,uk_n501y,0.68695
b.1.351-e484k,uk_a570d,1.29067
b.1.351-e484k,uk_p681h,0.552216
b.1.351-e484k,uk_t716i,1.1346
b.1.351-e484k,uk_s982a,0.0209833
b.1.351-e484k,uk_d1118h,0.429895
b.1.351-e484k,sa_d9,0.918646
b.1.351-e484k,sa_l18f,1.10402
b.1.351-e484k,sa_d80a,1.07689
b.1.351-e484k,sa_d215g,0.858987
b.1.351-e484k,sa_242-244d,0.471278
b.1.351-e484k,sa_r246i,0.783271
b.1.351-e484k,sa_k417n,0.688768
b.1.351-e484k,sa_e484k,0.3885
b.1.351-e484k,sa_n501y,0.68695
b.1.351-e484k,sa_a701v,0.471738
b.1.351-e484k,ng,0.714937
b.1.351-e484k,kyg,0.647696
b.1.351-e484k,kyng,0.300755
b.1.351-n501y,victoria,0.325897
b.1.351-n501y,b.1.1.7,0.348219
b.1.351-n501y,b.1.351,0.748142
b.1.351-n501y,p.1,0
b.1.351-n501y,b.1.617.1-pv,0.0385319
b.1.351-n501y,b.1.617.2,1.33982
b.1.351-n501y,wuhan-n501y,0.3885
b.1.351-n501y,wuhan-e484k,0.477093
b.1.351-n501y,b.1.1.7-e484k,0.710589
b.1.351-n501y,b.1.1.7ntd-e484k,0.902622
b.1.351-n501y,b.1.1.7ntd-n501y,0.841244
b.1.351-n501y,b.1.351-e484k,0.784009
b.1.351-n501y,b.1.351-n501y,0
b.1.351-n501y,b.1.351ntd-e484k,0.119125
b.1.351-n501y,p.1-n501y,0.620514
b.1.351-n501y,p.1-e484k,0.457784
b.1.351-n501y,bristol,0.561228
b.1.351-n501y,d614g,1.00532
b.1.351-n501y,p.2,0.724687
b.1.351-n501y,moderna,0.370812
b.1.351-n501y,pfizer,0.370812
b.1.351-n501y,chadox1,0.370812
b.1.351-n501y,uk_d8,0.0275852
b.1.351-n501y,uk_69-70d,1.05012
b.1.351-n501y,uk_144d,0.528623
b.1.351-n501y,uk_n501y,0.3885
b.1.351-n501y,uk_a570d,0.963448
b.1.351-n501y,uk_p681h,0.258271
b.1.351-n501y,uk_t716i,0.816823
b.1.351-n501y,uk_s982a,0
b.1.351-n501y,uk_d1118h,0.168229
b.1.351-n501y,sa_d9,0.602444
b.1.351-n501y,sa_l18f,0.666849
b.1.351-n501y,sa_d80a,0.804528
b.1.351-n501y,sa_d215g,0.625474
b.1.351-n501y,sa_242-244d,0.155577
b.1.351-n501y,sa_r246i,0.403478
b.1.351-n501y,sa_k417n,0.295595
b.1.351-n501y,sa_e484k,0.477093
b.1.351-n501y,sa_n501y,0.3885
b.1.351-n501y,sa_a701v,0.10992
b.1.351-n501y,ng,0.660978
b.1.351-n501y,kyg,1.10188
b.1.351-n501y,kyng,0.776491
b.1.351ntd-e484k,victoria,0.305858
b.1.351ntd-e484k,b.1.1.7,0.251919
b.1.351ntd-e484k,b.1.351,0.668628
b.1.351ntd-e484k,p.1,0.0372554
b.1.351ntd-e484k,b.1.617.1-pv,0
b.1.351ntd-e484k,b.1.617.2,1.22069
b.1.351ntd-e484k,wuhan-n501y,0.359394
b.1.351ntd-e484k,wuhan-e484k,0.359654
b.1.351ntd-e484k,b.1.1.7-e484k,0.607239
b.1.351ntd-e484k,b.1.1.7ntd-e484k,0.788177
b.1.351ntd-e484k,b.1.1.7ntd-n501y,0.81223
b.1.351ntd-e484k,b.1.351-e484k,0.434117
b.1.351ntd-e484k,b.1.351-n501y,0.119125
b.1.351ntd-e484k,b.1.351ntd-e484k,0
b.1.351ntd-e484k,p.1-n501y,0.787175
b.1.351ntd-e484k,p.1-e484k,0.348482
b.1.351ntd-e484k,bristol,0.46818
b.1.351ntd-e484k,d614g,0.894248
b.1.351ntd-e484k,p.2,0.624173
b.1.351ntd-e484k,moderna,0.366063
b.1.351ntd-e484k,pfizer,0.366063
b.1.351ntd-e484k,chadox1,0.366063
b.1.351ntd-e484k,uk_d8,0.0623358
b.1.351ntd-e484k,uk_69-70d,1.00754
b.1.351ntd-e484k,uk_144d,0.494744
b.1.351ntd-e484k,uk_n501y,0.359394
b.1.351ntd-e484k,uk_a570d,0.951144
b.1.351ntd-e484k,uk_p681h,0.23119
b.1.351ntd-e484k,uk_t716i,0.800338
b.1.351ntd-e484k,uk_s982a,0
b.1.351ntd-e484k,uk_d1118h,0.12675
b.1.351ntd-e484k,sa_d9,0.995301
b.1.351ntd-e484k,sa_l18f,0.708341
b.1.351ntd-e484k,sa_d80a,0.766991
b.1.351ntd-e484k,sa_d215g,0.572882
b.1.351ntd-e484k,sa_242-244d,0.127576
b.1.351ntd-e484k,sa_r246i,0.41204
b.1.351ntd-e484k,sa_k417n,0.309096
b.1.351ntd-e484k,sa_e484k,0.359654
b.1.351ntd-e484k,sa_n501y,0.359394
b.1.351ntd-e484k,sa_a701v,0.104007
b.1.351ntd-e484k,ng,0.556373
b.1.351ntd-e484k,kyg,1.0103
b.1.351ntd-e484k,kyng,0.705791
p.1-n501y,victoria,0
p.1-n501y,b.1.1.7,0.368475
p.1-n501y,b.1.351,1.36291
p.1-n501y,p.1,0.847981
p.1-n501y,b.1.617.1-pv,0
p.1-n501y,b.1.617.2,1.54837
p.1-n501y,wuhan-n501y,0.023928
p.1-n501y,wuhan-e484k,0.664457
p.1-n501y,b.1.1.7-e484k,1.24229
p.1-n501y,b.1.1.7ntd-e484k,0.996191
p.1-n501y,b.1.1.7ntd-n501y,0.445196
p.1-n501y,b.1.351-e484k,1.22082
p.1-n501y,b.1.351-n501y,0.620514
p.1-n501y,b.1.351ntd-e484k,0.787175
p.1-n501y,p.1-n501y,0
p.1-n501y,p.1-e484k,0.784009
p.1-n501y,bristol,1.1974
p.1-n501y,d614g,1.03214
p.1-n501y,p.2,1.27492
p.1-n501y,moderna,0
p.1-n501y,pfizer,0
p.1-n501y,chadox1,0
p.1-n501y,uk_d8,0
p.1-n501y,uk_69-70d,0.671728
p.1-n501y,uk_144d,0.147381
p.1-n501y,uk_n501y,0.023928
p.1-n501y,uk_a570d,0.51271
p.1-n501y,uk_p681h,0
p.1-n501y,uk_t716i,0.376632
p.1-n501y,uk_s982a,0
p.1-n501y,uk_d1118h,0
p.1-n501y,sa_d9,1.39097
p.1-n501y,sa_l18f,0.132797
p.1-n501y,sa_d80a,0.4457
p.1-n501y,sa_d215g,0.327258
p.1-n501y,sa_242-244d,0
p.1-n501y,sa_r246i,0
p.1-n501y,sa_k417n,0
p.1-n501y,sa_e484k,0.664457
p.1-n501y,sa_n501y,0.023928
p.1-n501y,sa_a701v,0
p.1-n501y,ng,0.731829
p.1-n501y,kyg,1.68863
p.1-n501y,kyng,1.54051
p.1-e484k,victoria,0.0186768
p.1-e484k,b.1.1.7,0
p.1-e484k,b.1.351,0.971969
p.1-e484k,p.1,0.493311
p.1-e484k,b.1.617.1-pv,0
p.1-e484k,b.1.617.2,0.899062
p.1-e484k,wuhan-n501y,0.0695364
p.1-e484k,wuhan-e484k,0.023928
p.1-e484k,b.1.1.7-e484k,0.368475
p.1-e484k,b.1.1.7ntd-e484k,0.445196
p.1-e484k,b.1.1.7ntd-n501y,0.51772
p.1-e484k,b.1.351-e484k,0.620514
p.1-e484k,b.1.351-n501y,0.457784
p.1-e484k,b.1.351ntd-e484k,0.348482
p.1-e484k,p.1-n501y,0.784009
p.1-e484k,p.1-e484k,0
p.1-e484k,bristol,0.26911
p.1-e484k,d614g,0.54785
p.1-e484k,p.2,0.39344
p.1-e484k,moderna,0.0961313
p.1-e484k,pfizer,0.0961313
p.1-e484k,chadox1,0.0961313
p.1-e484k,uk_d8,0
p.1-e484k,uk_69-70d,0.696925
p.1-e484k,uk_144d,0.195437
p.1-e484k,uk_n501y,0.0695364
p.1-e484k,uk_a570d,0.671767
p.1-e484k,uk_p681h,0
p.1-e484k,uk_t716i,0.51672
p.1-e484k,uk_s982a,0
p.1-e484k,uk_d1118h,0
p.1-e484k,sa_d9,1.34157
p.1-e484k,sa_l18f,0.497036
p.1-e484k,sa_d80a,0.465521
p.1-e484k,sa_d215g,0.257679
p.1-e484k,sa_242-244d,0
p.1-e484k,sa_r246i,0.164985
p.1-e484k,sa_k417n,0.0742689
p.1-e484k,sa_e484k,0.023928
p.1-e484k,sa_n501y,0.0695364
p.1-e484k,sa_a701v,0
p.1-e484k,ng,0.207894
p.1-e484k,kyg,0.798373
p.1-e484k,kyng,0.569954
bristol,victoria,1.02578
bristol,b.1.1.7,0.78353
bristol,b.1.351,0.687691
bristol,p.1,0.862807
bristol,b.1.617.1-pv,0.967178
bristol,b.1.617.2,0.514668
bristol,wuhan-n501y,1.13354
bristol,wuhan-e484k,0.424994
bristol,b.1.1.7-e484k,0.181069
bristol,b.1.1.7ntd-e484k,0.792117
bristol,b.1.1.7ntd-n501y,1.51509
bristol,b.1.351-e484k,0.167249
bristol,b.1.351-n501y,0.561228
bristol,b.1.351ntd-e484k,0.46818
bristol,p.1-n501y,1.1974
bristol,p.1-e484k,0.26911
bristol,bristol,0
bristol,d614g,0.931897
bristol,p.2,0.176895
bristol,moderna,1.17308
bristol,pfizer,1.17308
bristol,chadox1,1.17308
bristol,uk_d8,1.13598
bristol,uk_69-70d,1.58073
bristol,uk_144d,1.17429
bristol,uk_n501y,1.13354
bristol,uk_a570d,1.70577
bristol,uk_p681h,0.928773
bristol,uk_t716i,1.53631
bristol,uk_s982a,0.493012
bristol,uk_d1118h,0.790368
bristol,sa_d9,1.3628
bristol,sa_l18f,1.75095
bristol,sa_d80a,1.45395
bristol,sa_d215g,1.19824
bristol,sa_242-244d,1.04987
bristol,sa_r246i,1.35352
bristol,sa_k417n,1.31935
bristol,sa_e484k,0.424994
bristol,sa_n501y,1.13354
bristol,sa_a701v,1.10989
bristol,ng,0.700362
bristol,kyg,0.181883
bristol,kyng,0
d614g,victoria,0.227945
d614g,b.1.1.7,0.379979
d614g,b.1.351,1.43328
d614g,p.1,1.20093
d614g,b.1.617.1-pv,0.731454
d614g,b.1.617.2,0.154742
d614g,wuhan-n501y,0.452243
d614g,wuhan-e484k,0.0691742
d614g,b.1.1.7-e484k,0.771923
d614g,b.1.1.7ntd-e484k,0.130879
d614g,b.1.1.7ntd-n501y,0.734118
d614g,b.1.351-e484k,0.968909
d614g,b.1.351-n501y,1.00532
d614g,b.1.351ntd-e484k,0.894248
d614g,p.1-n501y,1.03214
d614g,p.1-e484k,0.54785
d614g,bristol,0.931897
d614g,d614g,0
d614g,p.2,0.800811
d614g,moderna,0.425628
d614g,pfizer,0.425628
d614g,chadox1,0.425628
d614g,uk_d8,0.602539
d614g,uk_69-70d,0.701727
d614g,uk_144d,0.385484
d614g,uk_n501y,0.452243
d614g,uk_a570d,0.920794
d614g,uk_p681h,0.132261
d614g,uk_t716i,0.744335
d614g,uk_s982a,0.0020542
d614g,uk_d1118h,0.019127
d614g,sa_d9,1.88914
d614g,sa_l18f,1.1529
d614g,sa_d80a,0.693842
d614g,sa_d215g,0.439299
d614g,sa_242-244d,0.573994
d614g,sa_r246i,0.734918
d614g,sa_k417n,0.776116
d614g,sa_e484k,0.0691742
d614g,sa_n501y,0.452243
d614g,sa_a701v,0.640566
d614g,ng,0.353386
d614g,kyg,0.826269
d614g,kyng,0.869187
p.2,victoria,1.03699
p.2,b.1.1.7,0.835941
p.2,b.1.351,0.86319
p.2,p.1,1.01186
p.2,b.1.617.1-pv,1.0771
p.2,b.1.617.2,0.319867
p.2,wuhan-n501y,1.16847
p.2,wuhan-e484k,0.402072
p.2,b.1.1.7-e484k,0.0364196
p.2,b.1.1.7ntd-e484k,0.673012
p.2,b.1.1.7ntd-n501y,1.52875
p.2,b.1.351-e484k,0.341214
p.2,b.1.351-n501y,0.724687
p.2,b.1.351ntd-e484k,0.624173
p.2,p.1-n501y,1.27492
p.2,p.1-e484k,0.39344
p.2,bristol,0.176895
p.2,d614g,0.800811
p.2,p.2,0
p.2,moderna,1.19852
p.2,pfizer,1.19852
p.2,chadox1,1.19852
p.2,uk_d8,1.21043
p.2,uk_69-70d,1.56639
p.2,uk_144d,1.1852
p.2,uk_n501y,1.16847
p.2,uk_a570d,1.69153
p.2,uk_p681h,0.93912
p.2,uk_t716i,1.54951
p.2,uk_s982a,0.55456
p.2,uk_d1118h,0.803637
p.2,sa_d9,1.53565
p.2,sa_l18f,1.78335
p.2,sa_d80a,1.47055
p.2,sa_d215g,1.21131
p.2,sa_242-244d,1.12374
p.2,sa_r246i,1.40794
p.2,sa_k417n,1.38889
p.2,sa_e484k,0.402072
p.2,sa_n501y,1.16847
p.2,sa_a701v,1.18964
p.2,ng,0.677267
p.2,kyg,0
p.2,kyng,0.0484076
moderna,victoria,0
moderna,b.1.1.7,0.3954
moderna,b.1.351,1.03468
moderna,p.1,0.54493
moderna,b.1.617.1-pv,0.41214
moderna,b.1.617.2,0.578496
moderna,wuhan-n501y,0.0461914
moderna,wuhan-e484k,0.804551
moderna,b.1.1.7-e484k,1.14714
moderna,b.1.1.7ntd-e484k,0.469871
moderna,b.1.1.7ntd-n501y,0
moderna,b.1.351-e484k,0.716454
moderna,b.1.351-n501y,0.370812
moderna,b.1.351ntd-e484k,0.366063
moderna,p.1-n501y,0
moderna,p.1-e484k,0.0961313
moderna,bristol,1.17308
moderna,d614g,0.425628
moderna,p.2,1.19852
moderna,moderna,0
moderna,pfizer,0
moderna,chadox1,0
moderna,uk_d8,0.38229
moderna,uk_69-70d,0
moderna,uk_144d,0.0440902
moderna,uk_n501y,0.0461914
moderna,uk_a570d,0
moderna,uk_p681h,0
moderna,uk_t716i,0
moderna,uk_s982a,0.419297
moderna,uk_d1118h,0.0912477
moderna,sa_d9,1.22236
moderna,sa_l18f,0
moderna,sa_d80a,0
moderna,sa_d215g,0
moderna,sa_242-244d,0.245692
moderna,sa_r246i,0
moderna,sa_k417n,0.0808866
moderna,sa_e484k,0.804551
moderna,sa_n501y,0.0461914
moderna,sa_a701v,0.263677
moderna,ng,0.196986
moderna,kyg,1.16061
moderna,kyng,1.02001
pfizer,victoria,0
pfizer,b.1.1.7,0.3954
pfizer,b.1.351,1.03468
pfizer,p.1,0.54493
pfizer,b.1.617.1-pv,0.41214
pfizer,b.1.617.2,0.578496
pfizer,wuhan-n501y,0.0461914
pfizer,wuhan-e484k,0.804551
pfizer,b.1.1.7-e484k,1.14714
pfizer,b.1.1.7ntd-e484k,0.469871
pfizer,b.1.1.7ntd-n501y,0
pfizer,b.1.351-e484k,0.716454
pfizer,b.1.351-n501y,0.370812
pfizer,b.1.351ntd-e484k,0.366063
pfizer,p.1-n501y,0
pfizer,p.1-e484k,0.0961313
pfizer,bristol,1.17308
pfizer,d614g,0.425628
pfizer,p.2,1.19852
pfizer,moderna,0
pfizer,pfizer,0
pfizer,chadox1,0
pfizer,uk_d8,0.38229
pfizer,uk_69-70d,0
pfizer,uk_144d,0.0440902
pfizer,uk_n501y,0.0461914
pfizer,uk_a570d,0
pfizer,uk_p681h,0
pfizer,uk_t716i,0
pfizer,uk_s982a,0.419297
pfizer,uk_d1118h,0.0912477
pfizer,sa_d9,1.22236
pfizer,sa_l18f,0
pfizer,sa_d80a,0
pfizer,sa_d215g,0
pfizer,sa_242-244d,0.245692
pfizer,sa_r246i,0
pfizer,sa_k417n,0.0808866
pfizer,sa_e484k,0.804551
pfizer,sa_n501y,0.0461914
pfizer,sa_a701v,0.263677
pfizer,ng,0.196986
pfizer,kyg,1.16061
pfizer,kyng,1.02001
chadox1,victoria,0
chadox1,b.1.1.7,0.3954
chadox1,b.1.351,1.03468
chadox1,p.1,0.54493
chadox1,b.1.617.1-pv,0.41214
chadox1,b.1.617.2,0.578496
chadox1,wuhan-n501y,0.0461914
chadox1,wuhan-e484k,0.804551
chadox1,b.1.1.7-e484k,1.14714
chadox1,b.1.1.7ntd-e484k,0.469871
chadox1,b.1.1.7ntd-n501y,0
chadox1,b.1.351-e484k,0.716454
chadox1,b.1.351-n501y,0.370812
chadox1,b.1.351ntd-e484k,0.366063
chadox1,p.1-n501y,0
chadox1,p.1-e484k,0.0961313
chadox1,bristol,1.17308
chadox1,d614g,0.425628
chadox1,p.2,1.19852
chadox1,moderna,0
chadox1,pfizer,0
chadox1,chadox1,0
chadox1,uk_d8,0.38229
chadox1,uk_69-70d,0
chadox1,uk_144d,0.0440902
chadox1,uk_n501y,0.0461914
chadox1,uk_a570d,0
chadox1,uk_p681h,0
chadox1,uk_t716i,0
chadox1,uk_s982a,0.419297
chadox1,uk_d1118h,0.0912477
chadox1,sa_d9,1.22236
chadox1,sa_l18f,0
chadox1,sa_d80a,0
chadox1,sa_d215g,0
chadox1,sa_242-244d,0.245692
chadox1,sa_r246i,0
chadox1,sa_k417n,0.0808866
chadox1,sa_e484k,0.804551
chadox1,sa_n501y,0.0461914
chadox1,sa_a701v,0.263677
chadox1,ng,0.196986
chadox1,kyg,1.16061
chadox1,kyng,1.02001
uk_d8,victoria,0.369895
uk_d8,b.1.1.7,0.377691
uk_d8,b.1.351,0.723523
uk_d8,p.1,0.209305
uk_d8,b.1.617.1-pv,0.20809
uk_d8,b.1.617.2,0.726738
uk_d8,wuhan-n501y,0.181883
uk_d8,wuhan-e484k,0.86918
uk_d8,b.1.1.7-e484k,1.15862
uk_d8,b.1.1.7ntd-e484k,0.599634
uk_d8,b.1.1.7ntd-n501y,0.0406639
uk_d8,b.1.351-e484k,0.457172
uk_d8,b.1.351-n501y,0.0275852
uk_d8,b.1.351ntd-e484k,0.0623358
uk_d8,p.1-n501y,0
uk_d8,p.1-e484k,0
uk_d8,bristol,1.13598
uk_d8,d614g,0.602539
uk_d8,p.2,1.21043
uk_d8,moderna,0.38229
uk_d8,pfizer,0.38229
uk_d8,chadox1,0.38229
uk_d8,uk_d8,0
uk_d8,uk_69-70d,0.257967
uk_d8,uk_144d,0.379068
uk_d8,uk_n501y,0.181883
uk_d8,uk_a570d,0
uk_d8,uk_p681h,0.330579
uk_d8,uk_t716i,0.14113
uk_d8,uk_s982a,0.321825
uk_d8,uk_d1118h,0.328107
uk_d8,sa_d9,0.861366
uk_d8,sa_l18f,0
uk_d8,sa_d80a,0.00455001
uk_d8,sa_d215g,0.211184
uk_d8,sa_242-244d,0.0871774
uk_d8,sa_r246i,0
uk_d8,sa_k417n,0
uk_d8,sa_e484k,0.86918
uk_d8,sa_n501y,0.181883
uk_d8,sa_a701v,0.027504
uk_d8,ng,0.201931
uk_d8,kyg,1.19077
uk_d8,kyng,0.950657
uk_69-70d,victoria,0
uk_69-70d,b.1.1.7,0.752462
uk_69-70d,b.1.351,1.66618
uk_69-70d,p.1,1.22052
uk_69-70d,b.1.617.1-pv,0.871032
uk_69-70d,b.1.617.2,0.851865
uk_69-70d,wuhan-n501y,0.13225
uk_69-70d,wuhan-e484k,0.847771
uk_69-70d,b.1.1.7-e484k,1.51716
uk_69-70d,b.1.1.7ntd-e484k,0.782224
uk_69-70d,b.1.1.7ntd-n501y,0.220416
uk_69-70d,b.1.351-e484k,1.29833
uk_69-70d,b.1.351-n501y,1.05012
uk_69-70d,b.1.351ntd-e484k,1.00754
uk_69-70d,p.1-n501y,0.671728
uk_69-70d,p.1-e484k,0.696925
uk_69-70d,bristol,1.58073
uk_69-70d,d614g,0.701727
uk_69-70d,p.2,1.56639
uk_69-70d,moderna,0
uk_69-70d,pfizer,0
uk_69-70d,chadox1,0
uk_69-70d,uk_d8,0.257967
uk_69-70d,uk_69-70d,0
uk_69-70d,uk_144d,0
uk_69-70d,uk_n501y,0.13225
uk_69-70d,uk_a570d,0.198266
uk_69-70d,uk_p681h,0
uk_69-70d,uk_t716i,0.137724
uk_69-70d,uk_s982a,0.0530831
uk_69-70d,uk_d1118h,0
uk_69-70d,sa_d9,1.92084
uk_69-70d,sa_l18f,0.592659
uk_69-70d,sa_d80a,0.24631
uk_69-70d,sa_d215g,0.197009
uk_69-70d,sa_242-244d,0.478902
uk_69-70d,sa_r246i,0.343762
uk_69-70d,sa_k417n,0.471532
uk_69-70d,sa_e484k,0.847771
uk_69-70d,sa_n501y,0.13225
uk_69-70d,sa_a701v,0.474188
uk_69-70d,ng,0.638712
uk_69-70d,kyg,1.50744
uk_69-70d,kyng,1.4489
uk_144d,victoria,0
uk_144d,b.1.1.7,0.415896
uk_144d,b.1.351,1.15832
uk_144d,p.1,0.699312
uk_144d,b.1.617.1-pv,0.516158
uk_144d,b.1.617.2,0.539532
uk_144d,wuhan-n501y,0.140849
uk_144d,wuhan-e484k,0.785413
uk_144d,b.1.1.7-e484k,1.13436
uk_144d,b.1.1.7ntd-e484k,0.436822
uk_144d,b.1.1.7ntd-n501y,0
uk_144d,b.1.351-e484k,0.807381
uk_144d,b.1.351-n501y,0.528623
uk_144d,b.1.351ntd-e484k,0.494744
uk_144d,p.1-n501y,0.147381
uk_144d,p.1-e484k,0.195437
uk_144d,bristol,1.17429
uk_144d,d614g,0.385484
uk_144d,p.2,1.1852
uk_144d,moderna,0.0440902
uk_144d,pfizer,0.0440902
uk_144d,chadox1,0.0440902
uk_144d,uk_d8,0.379068
uk_144d,uk_69-70d,0
uk_144d,uk_144d,0
uk_144d,uk_n501y,0.140849
uk_144d,uk_a570d,0
uk_144d,uk_p681h,0
uk_144d,uk_t716i,0
uk_144d,uk_s982a,0.191962
uk_144d,uk_d1118h,0
uk_144d,sa_d9,1.3963
uk_144d,sa_l18f,0.0969449
uk_144d,sa_d80a,0
uk_144d,sa_d215g,0
uk_144d,sa_242-244d,0.373083
uk_144d,sa_r246i,0.217252
uk_144d,sa_k417n,0.301757
uk_144d,sa_e484k,0.785413
uk_144d,sa_n501y,0.140849
uk_144d,sa_a701v,0.431692
uk_144d,ng,0.20459
uk_144d,kyg,1.14109
uk_144d,kyng,1.03044
uk_n501y,victoria,0
uk_n501y,b.1.1.7,0.352103
uk_n501y,b.1.351,1.02528
uk_n501y,p.1,0.559361
uk_n501y,b.1.617.1-pv,0.386113
uk_n501y,b.1.617.2,0.594465
uk_n501y,wuhan-n501y,0
uk_n501y,wuhan-e484k,0.784009
uk_n501y,b.1.1.7-e484k,1.11676
uk_n501y,b.1.1.7ntd-e484k,0.47328
uk_n501y,b.1.1.7ntd-n501y,0
uk_n501y,b.1.351-e484k,0.68695
uk_n501y,b.1.351-n501y,0.3885
uk_n501y,b.1.351ntd-e484k,0.359394
uk_n501y,p.1-n501y,0.023928
uk_n501y,p.1-e484k,0.0695364
uk_n501y,bristol,1.13354
uk_n501y,d614g,0.452243
uk_n501y,p.2,1.16847
uk_n501y,moderna,0.0461914
uk_n501y,pfizer,0.0461914
uk_n501y,chadox1,0.0461914
uk_n501y,uk_d8,0.181883
uk_n501y,uk_69-70d,0.13225
uk_n501y,uk_144d,0.140849
uk_n501y,uk_n501y,0
uk_n501y,uk_a570d,0
uk_n501y,uk_p681h,0
uk_n501y,uk_t716i,0.0984607
uk_n501y,uk_s982a,0
uk_n501y,uk_d1118h,0
uk_n501y,sa_d9,1.25547
uk_n501y,sa_l18f,0.0514483
uk_n501y,sa_d80a,0
uk_n501y,sa_d215g,0.0300004
uk_n501y,sa_242-244d,0.233628
uk_n501y,sa_r246i,0.141625
uk_n501y,sa_k417n,0.188866
uk_n501y,sa_e484k,0.784009
uk_n501y,sa_n501y,0
uk_n501y,sa_a701v,0.292839
uk_n501y,ng,0.158036
uk_n501y,kyg,1.13598
uk_n501y,kyng,0.976775
uk_a570d,victoria,0
uk_a570d,b.1.1.7,0.70609
uk_a570d,b.1.351,1.61928
uk_a570d,p.1,1.13647
uk_a570d,b.1.617.1-pv,0.71725
uk_a570d,b.1.617.2,1.07534
uk_a570d,wuhan-n501y,0
uk_a570d,wuhan-e484k,0.8892
uk_a570d,b.1.1.7-e484k,1.65606
uk_a570d,b.1.1.7ntd-e484k,0.974855
uk_a570d,b.1.1.7ntd-n501y,0.0713043
uk_a570d,b.1.351-e484k,1.29067
uk_a570d,b.1.351-n501y,0.963448
uk_a570d,b.1.351ntd-e484k,0.951144
uk_a570d,p.1-n501y,0.51271
uk_a570d,p.1-e484k,0.671767
uk_a570d,bristol,1.70577
uk_a570d,d614g,0.920794
uk_a570d,p.2,1.69153
uk_a570d,moderna,0
uk_a570d,pfizer,0
uk_a570d,chadox1,0
uk_a570d,uk_d8,0
uk_a570d,uk_69-70d,0.198266
uk_a570d,uk_144d,0
uk_a570d,uk_n501y,0
uk_a570d,uk_a570d,0
uk_a570d,uk_p681h,0
uk_a570d,uk_t716i,0
uk_a570d,uk_s982a,0
uk_a570d,uk_d1118h,0
uk_a570d,sa_d9,1.8187
uk_a570d,sa_l18f,0.403659
uk_a570d,sa_d80a,0.185987
uk_a570d,sa_d215g,0.152034
uk_a570d,sa_242-244d,0.29321
uk_a570d,sa_r246i,0.0694004
uk_a570d,sa_k417n,0.210718
uk_a570d,sa_e484k,0.8892
uk_a570d,sa_n501y,0
uk_a570d,sa_a701v,0.253293
uk_a570d,ng,0.732226
uk_a570d,kyg,1.67858
uk_a570d,kyng,1.55833
uk_p681h,victoria,0.0161764
uk_p681h,b.1.1.7,0.16917
uk_p681h,b.1.351,0.896706
uk_p681h,p.1,0.429492
uk_p681h,b.1.617.1-pv,0.255971
uk_p681h,b.1.617.2,0.286824
uk_p681h,wuhan-n501y,0
uk_p681h,wuhan-e484k,0.538947
uk_p681h,b.1.1.7-e484k,0.888335
uk_p681h,b.1.1.7ntd-e484k,0.187377
uk_p681h,b.1.1.7ntd-n501y,0
uk_p681h,b.1.351-e484k,0.552216
uk_p681h,b.1.351-n501y,0.258271
uk_p681h,b.1.351ntd-e484k,0.23119
uk_p681h,p.1-n501y,0
uk_p681h,p.1-e484k,0
uk_p681h,bristol,0.928773
uk_p681h,d614g,0.132261
uk_p681h,p.2,0.93912
uk_p681h,moderna,0
uk_p681h,pfizer,0
uk_p681h,chadox1,0
uk_p681h,uk_d8,0.330579
uk_p681h,uk_69-70d,0
uk_p681h,uk_144d,0
uk_p681h,uk_n501y,0
uk_p681h,uk_a570d,0
uk_p681h,uk_p681h,0
uk_p681h,uk_t716i,0
uk_p681h,uk_s982a,0.532219
uk_p681h,uk_d1118h,0.138931
uk_p681h,sa_d9,1.12208
uk_p681h,sa_l18f,0
uk_p681h,sa_d80a,0
uk_p681h,sa_d215g,0
uk_p681h,sa_242-244d,0.105073
uk_p681h,sa_r246i,0
uk_p681h,sa_k417n,0.00600873
uk_p681h,sa_e484k,0.538947
uk_p681h,sa_n501y,0
uk_p681h,sa_a701v,0.153129
uk_p681h,ng,0
uk_p681h,kyg,0.894307
uk_p681h,kyng,0.784779
uk_t716i,victoria,0
uk_t716i,b.1.1.7,0.770949
uk_t716i,b.1.351,1.46796
uk_t716i,p.1,0.989259
uk_t716i,b.1.617.1-pv,0.832698
uk_t716i,b.1.617.2,0.898974
uk_t716i,wuhan-n501y,0.0984607
uk_t716i,wuhan-e484k,1.01766
uk_t716i,b.1.1.7-e484k,1.49862
uk_t716i,b.1.1.7ntd-e484k,0.799865
uk_t716i,b.1.1.7ntd-n501y,0.0212714
uk_t716i,b.1.351-e484k,1.1346
uk_t716i,b.1.351-n501y,0.816823
uk_t716i,b.1.351ntd-e484k,0.800338
uk_t716i,p.1-n501y,0.376632
uk_t716i,p.1-e484k,0.51672
uk_t716i,bristol,1.53631
uk_t716i,d614g,0.744335
uk_t716i,p.2,1.54951
uk_t716i,moderna,0
uk_t716i,pfizer,0
uk_t716i,chadox1,0
uk_t716i,uk_d8,0.14113
uk_t716i,uk_69-70d,0.137724
uk_t716i,uk_144d,0
uk_t716i,uk_n501y,0.0984607
uk_t716i,uk_a570d,0
uk_t716i,uk_p681h,0
uk_t716i,uk_t716i,0
uk_t716i,uk_s982a,0.0736028
uk_t716i,uk_d1118h,0
uk_t716i,sa_d9,1.67448
uk_t716i,sa_l18f,0.273743
uk_t716i,sa_d80a,0.0827919
uk_t716i,sa_d215g,0.281879
uk_t716i,sa_242-244d,0.442177
uk_t716i,sa_r246i,0.23198
uk_t716i,sa_k417n,0.371349
uk_t716i,sa_e484k,1.01766
uk_t716i,sa_n501y,0.0984607
uk_t716i,sa_a701v,0.407524
uk_t716i,ng,0.56402
uk_t716i,kyg,1.50571
uk_t716i,kyng,1.39029
uk_s982a,victoria,0.559388
uk_s982a,b.1.1.7,0
uk_s982a,b.1.351,0.380927
uk_s982a,p.1,0
uk_s982a,b.1.617.1-pv,0
uk_s982a,b.1.617.2,0.0931024
uk_s982a,wuhan-n501y,0
uk_s982a,wuhan-e484k,0.214248
uk_s982a,b.1.1.7-e484k,0.502654
uk_s982a,b.1.1.7ntd-e484k,0
uk_s982a,b.1.1.7ntd-n501y,0
uk_s982a,b.1.351-e484k,0.0209833
uk_s982a,b.1.351-n501y,0
uk_s982a,b.1.351ntd-e484k,0
uk_s982a,p.1-n501y,0
uk_s982a,p.1-e484k,0
uk_s982a,bristol,0.493012
uk_s982a,d614g,0.0020542
uk_s982a,p.2,0.55456
uk_s982a,moderna,0.419297
uk_s982a,pfizer,0.419297
uk_s982a,chadox1,0.419297
uk_s982a,uk_d8,0.321825
uk_s982a,uk_69-70d,0.0530831
uk_s982a,uk_144d,0.191962
uk_s982a,uk_n501y,0
uk_s982a,uk_a570d,0
uk_s982a,uk_p681h,0.532219
uk_s982a,uk_t716i,0.0736028
uk_s982a,uk_s982a,0
uk_s982a,uk_d1118h,0.409797
uk_s982a,sa_d9,0.666233
uk_s982a,sa_l18f,0
uk_s982a,sa_d80a,0
uk_s982a,sa_d215g,0
uk_s982a,sa_242-244d,0
uk_s982a,sa_r246i,0.0183217
uk_s982a,sa_k417n,0
uk_s982a,sa_e484k,0.214248
uk_s982a,sa_n501y,0
uk_s982a,sa_a701v,0
uk_s982a,ng,0
uk_s982a,kyg,0.533093
uk_s982a,kyng,0.322958
uk_d1118h,victoria,0.161338
uk_d1118h,b.1.1.7,0.0312638
uk_d1118h,b.1.351,0.7876
uk_d1118h,p.1,0.338611
uk_d1118h,b.1.617.1-pv,0.145781
uk_d1118h,b.1.617.2,0.171415
uk_d1118h,wuhan-n501y,0
uk_d1118h,wuhan-e484k,0.405086
uk_d1118h,b.1.1.7-e484k,0.752657
uk_d1118h,b.1.1.7ntd-e484k,0.0631489
uk_d1118h,b.1.1.7ntd-n501y,0
uk_d1118h,b.1.351-e484k,0.429895
uk_d1118h,b.1.351-n501y,0.168229
uk_d1118h,b.1.351ntd-e484k,0.12675
uk_d1118h,p.1-n501y,0
uk_d1118h,p.1-e484k,0
uk_d1118h,bristol,0.790368
uk_d1118h,d614g,0.019127
uk_d1118h,p.2,0.803637
uk_d1118h,moderna,0.0912477
uk_d1118h,pfizer,0.0912477
uk_d1118h,chadox1,0.0912477
uk_d1118h,uk_d8,0.328107
uk_d1118h,uk_69-70d,0
uk_d1118h,uk_144d,0
uk_d1118h,uk_n501y,0
uk_d1118h,uk_a570d,0
uk_d1118h,uk_p681h,0.138931
uk_d1118h,uk_t716i,0
uk_d1118h,uk_s982a,0.409797
uk_d1118h,uk_d1118h,0
uk_d1118h,sa_d9,1.04003
uk_d1118h,sa_l18f,0
uk_d1118h,sa_d80a,0
uk_d1118h,sa_d215g,0
uk_d1118h,sa_242-244d,0.0149386
uk_d1118h,sa_r246i,0
uk_d1118h,sa_k417n,0
uk_d1118h,sa_e484k,0.405086
uk_d1118h,sa_n501y,0
uk_d1118h,sa_a701v,0.08742
uk_d1118h,ng,0
uk_d1118h,kyg,0.761286
uk_d1118h,kyng,0.645861
sa_d9,victoria,1.18556
sa_d9,b.1.1.7,1.23586
sa_d9,b.1.351,0.377691
sa_d9,p.1,0.710979
sa_d9,b.1.617.1-pv,0.920881
sa_d9,b.1.617.2,2.20413
sa_d9,wuhan-n501y,1.25547
sa_d9,wuhan-e484k,1.35295
sa_d9,b.1.1.7-e484k,1.5275
sa_d9,b.1.1.7ntd-e484k,1.7834
sa_d9,b.1.1.7ntd-n501y,1.70644
sa_d9,b.1.351-e484k,0.918646
sa_d9,b.1.351-n501y,0.602444
sa_d9,b.1.351ntd-e484k,0.995301
sa_d9,p.1-n501y,1.39097
sa_d9,p.1-e484k,1.34157
sa_d9,bristol,1.3628
sa_d9,d614g,1.88914
sa_d9,p.2,1.53565
sa_d9,moderna,1.22236
sa_d9,pfizer,1.22236
sa_d9,chadox1,1.22236
sa_d9,uk_d8,0.861366
sa_d9,uk_69-70d,1.92084
sa_d9,uk_144d,1.3963
sa_d9,uk_n501y,1.25547
sa_d9,uk_a570d,1.8187
sa_d9,uk_p681h,1.12208
sa_d9,uk_t716i,1.67448
sa_d9,uk_s982a,0.666233
sa_d9,uk_d1118h,1.04003
sa_d9,sa_d9,0
sa_d9,sa_l18f,1.49287
sa_d9,sa_d80a,1.67454
sa_d9,sa_d215g,1.50243
sa_d9,sa_242-244d,1.02525
sa_d9,sa_r246i,1.25064
sa_d9,sa_k417n,1.14227
sa_d9,sa_e484k,1.35295
sa_d9,sa_n501y,1.25547
sa_d9,sa_a701v,0.969406
sa_d9,ng,1.54744
sa_d9,kyg,1.89305
sa_d9,kyng,1.54594
sa_l18f,victoria,0
sa_l18f,b.1.1.7,0.746063
sa_l18f,b.1.351,1.36799
sa_l18f,p.1,0.851074
sa_l18f,b.1.617.1-pv,0.57448
sa_l18f,b.1.617.2,1.29012
sa_l18f,wuhan-n501y,0.0514483
sa_l18f,wuhan-e484k,1.02009
sa_l18f,b.1.1.7-e484k,1.74694
sa_l18f,b.1.1.7ntd-e484k,1.16535
sa_l18f,b.1.1.7ntd-n501y,0.384024
sa_l18f,b.1.351-e484k,1.10402
sa_l18f,b.1.351-n501y,0.666849
sa_l18f,b.1.351ntd-e484k,0.708341
sa_l18f,p.1-n501y,0.132797
sa_l18f,p.1-e484k,0.497036
sa_l18f,bristol,1.75095
sa_l18f,d614g,1.1529
sa_l18f,p.2,1.78335
sa_l18f,moderna,0
sa_l18f,pfizer,0
sa_l18f,chadox1,0
sa_l18f,uk_d8,0
sa_l18f,uk_69-70d,0.592659
sa_l18f,uk_144d,0.0969449
sa_l18f,uk_n501y,0.0514483
sa_l18f,uk_a570d,0.403659
sa_l18f,uk_p681h,0
sa_l18f,uk_t716i,0.273743
sa_l18f,uk_s982a,0
sa_l18f,uk_d1118h,0
sa_l18f,sa_d9,1.49287
sa_l18f,sa_l18f,0
sa_l18f,sa_d80a,0.430151
sa_l18f,sa_d215g,0.369195
sa_l18f,sa_242-244d,0.171514
sa_l18f,sa_r246i,0
sa_l18f,sa_k417n,0
sa_l18f,sa_e484k,1.02009
sa_l18f,sa_n501y,0.0514483
sa_l18f,sa_a701v,0.056867
sa_l18f,ng,0.798543
sa_l18f,kyg,1.79064
sa_l18f,kyng,1.57298
sa_d80a,victoria,0
sa_d80a,b.1.1.7,0.524121
sa_d80a,b.1.351,1.42958
sa_d80a,p.1,0.975012
sa_d80a,b.1.617.1-pv,0.583099
sa_d80a,b.1.617.2,0.845463
sa_d80a,wuhan-n501y,0
sa_d80a,wuhan-e484k,0.705945
sa_d80a,b.1.1.7-e484k,1.41944
sa_d80a,b.1.1.7ntd-e484k,0.735405
sa_d80a,b.1.1.7ntd-n501y,0.0625492
sa_d80a,b.1.351-e484k,1.07689
sa_d80a,b.1.351-n501y,0.804528
sa_d80a,b.1.351ntd-e484k,0.766991
sa_d80a,p.1-n501y,0.4457
sa_d80a,p.1-e484k,0.465521
sa_d80a,bristol,1.45395
sa_d80a,d614g,0.693842
sa_d80a,p.2,1.47055
sa_d80a,moderna,0
sa_d80a,pfizer,0
sa_d80a,chadox1,0
sa_d80a,uk_d8,0.00455001
sa_d80a,uk_69-70d,0.24631
sa_d80a,uk_144d,0
sa_d80a,uk_n501y,0
sa_d80a,uk_a570d,0.185987
sa_d80a,uk_p681h,0
sa_d80a,uk_t716i,0.0827919
sa_d80a,uk_s982a,0
sa_d80a,uk_d1118h,0
sa_d80a,sa_d9,1.67454
sa_d80a,sa_l18f,0.430151
sa_d80a,sa_d80a,0
sa_d80a,sa_d215g,0
sa_d80a,sa_242-244d,0.183466
sa_d80a,sa_r246i,0.0956229
sa_d80a,sa_k417n,0.20092
sa_d80a,sa_e484k,0.705945
sa_d80a,sa_n501y,0
sa_d80a,sa_a701v,0.181986
sa_d80a,ng,0.481231
sa_d80a,kyg,1.42972
sa_d80a,kyng,1.3075
sa_d215g,victoria,0
sa_d215g,b.1.1.7,0.444035
sa_d215g,b.1.351,1.22808
sa_d215g,p.1,0.796042
sa_d215g,b.1.617.1-pv,0.591868
sa_d215g,b.1.617.2,0.588846
sa_d215g,wuhan-n501y,0.0300004
sa_d215g,wuhan-e484k,0.737933
sa_d215g,b.1.1.7-e484k,1.1603
sa_d215g,b.1.1.7ntd-e484k,0.476179
sa_d215g,b.1.1.7ntd-n501y,0.0811123
sa_d215g,b.1.351-e484k,0.858987
sa_d215g,b.1.351-n501y,0.625474
sa_d215g,b.1.351ntd-e484k,0.572882
sa_d215g,p.1-n501y,0.327258
sa_d215g,p.1-e484k,0.257679
sa_d215g,bristol,1.19824
sa_d215g,d614g,0.439299
sa_d215g,p.2,1.21131
sa_d215g,moderna,0
sa_d215g,pfizer,0
sa_d215g,chadox1,0
sa_d215g,uk_d8,0.211184
sa_d215g,uk_69-70d,0.197009
sa_d215g,uk_144d,0
sa_d215g,uk_n501y,0.0300004
sa_d215g,uk_a570d,0.152034
sa_d215g,uk_p681h,0
sa_d215g,uk_t716i,0.281879
sa_d215g,uk_s982a,0
sa_d215g,uk_d1118h,0
sa_d215g,sa_d9,1.50243
sa_d215g,sa_l18f,0.369195
sa_d215g,sa_d80a,0
sa_d215g,sa_d215g,0
sa_d215g,sa_242-244d,0.313634
sa_d215g,sa_r246i,0.315418
sa_d215g,sa_k417n,0.395545
sa_d215g,sa_e484k,0.737933
sa_d215g,sa_n501y,0.0300004
sa_d215g,sa_a701v,0.337384
sa_d215g,ng,0.229243
sa_d215g,kyg,1.16961
sa_d215g,kyng,1.05465
sa_242-244d,victoria,0.178283
sa_242-244d,b.1.1.7,0.294405
sa_242-244d,b.1.351,0.794894
sa_242-244d,p.1,0.326232
sa_242-244d,b.1.617.1-pv,0.168168
sa_242-244d,b.1.617.2,0.673271
sa_242-244d,wuhan-n501y,0.233628
sa_242-244d,wuhan-e484k,0.79473
sa_242-244d,b.1.1.7-e484k,1.07198
sa_242-244d,b.1.1.7ntd-e484k,0.547961
sa_242-244d,b.1.1.7ntd-n501y,0.276462
sa_242-244d,b.1.351-e484k,0.471278
sa_242-244d,b.1.351-n501y,0.155577
sa_242-244d,b.1.351ntd-e484k,0.127576
sa_242-244d,p.1-n501y,0
sa_242-244d,p.1-e484k,0
sa_242-244d,bristol,1.04987
sa_242-244d,d614g,0.573994
sa_242-244d,p.2,1.12374
sa_242-244d,moderna,0.245692
sa_242-244d,pfizer,0.245692
sa_242-244d,chadox1,0.245692
sa_242-244d,uk_d8,0.0871774
sa_242-244d,uk_69-70d,0.478902
sa_242-244d,uk_144d,0.373083
sa_242-244d,uk_n501y,0.233628
sa_242-244d,uk_a570d,0.29321
sa_242-244d,uk_p681h,0.105073
sa_242-244d,uk_t716i,0.442177
sa_242-244d,uk_s982a,0
sa_242-244d,uk_d1118h,0.0149386
sa_242-244d,sa_d9,1.02525
sa_242-244d,sa_l18f,0.171514
sa_242-244d,sa_d80a,0.183466
sa_242-244d,sa_d215g,0.313634
sa_242-244d,sa_242-244d,0
sa_242-244d,sa_r246i,0.300769
sa_242-244d,sa_k417n,0.207533
sa_242-244d,sa_e484k,0.79473
sa_242-244d,sa_n501y,0.233628
sa_242-244d,sa_a701v,0.0712265
sa_242-244d,ng,0.12044
sa_242-244d,kyg,1.10496
sa_242-244d,kyng,0.868817
sa_r246i,victoria,0
sa_r246i,b.1.1.7,0.573629
sa_r246i,b.1.351,1.07965
sa_r246i,p.1,0.579517
sa_r246i,b.1.617.1-pv,0.490819
sa_r246i,b.1.617.2,0.872034
sa_r246i,wuhan-n501y,0.141625
sa_r246i,wuhan-e484k,1.04065
sa_r246i,b.1.1.7-e484k,1.356
sa_r246i,b.1.1.7ntd-e484k,0.747551
sa_r246i,b.1.1.7ntd-n501y,0.126309
sa_r246i,b.1.351-e484k,0.783271
sa_r246i,b.1.351-n501y,0.403478
sa_r246i,b.1.351ntd-e484k,0.41204
sa_r246i,p.1-n501y,0
sa_r246i,p.1-e484k,0.164985
sa_r246i,bristol,1.35352
sa_r246i,d614g,0.734918
sa_r246i,p.2,1.40794
sa_r246i,moderna,0
sa_r246i,pfizer,0
sa_r246i,chadox1,0
sa_r246i,uk_d8,0
sa_r246i,uk_69-70d,0.343762
sa_r246i,uk_144d,0.217252
sa_r246i,uk_n501y,0.141625
sa_r246i,uk_a570d,0.0694004
sa_r246i,uk_p681h,0
sa_r246i,uk_t716i,0.23198
sa_r246i,uk_s982a,0.0183217
sa_r246i,uk_d1118h,0
sa_r246i,sa_d9,1.25064
sa_r246i,sa_l18f,0
sa_r246i,sa_d80a,0.0956229
sa_r246i,sa_d215g,0.315418
sa_r246i,sa_242-244d,0.300769
sa_r246i,sa_r246i,0
sa_r246i,sa_k417n,0.108413
sa_r246i,sa_e484k,1.04065
sa_r246i,sa_n501y,0.141625
sa_r246i,sa_a701v,0.216193
sa_r246i,ng,0.391109
sa_r246i,kyg,1.38214
sa_r246i,kyng,1.18285
sa_k417n,victoria,0.055269
sa_k417n,b.1.1.7,0.554351
sa_k417n,b.1.351,0.9756
sa_k417n,p.1,0.472225
sa_k417n,b.1.617.1-pv,0.412151
sa_k417n,b.1.617.2,0.89937
sa_k417n,wuhan-n501y,0.188866
sa_k417n,wuhan-e484k,1.04298
sa_k417n,b.1.1.7-e484k,1.33702
sa_k417n,b.1.1.7ntd-e484k,0.772256
sa_k417n,b.1.1.7ntd-n501y,0.251188
sa_k417n,b.1.351-e484k,0.688768
sa_k417n,b.1.351-n501y,0.295595
sa_k417n,b.1.351ntd-e484k,0.309096
sa_k417n,p.1-n501y,0
sa_k417n,p.1-e484k,0.0742689
sa_k417n,bristol,1.31935
sa_k417n,d614g,0.776116
sa_k417n,p.2,1.38889
sa_k417n,moderna,0.0808866
sa_k417n,pfizer,0.0808866
sa_k417n,chadox1,0.0808866
sa_k417n,uk_d8,0
sa_k417n,uk_69-70d,0.471532
sa_k417n,uk_144d,0.301757
sa_k417n,uk_n501y,0.188866
sa_k417n,uk_a570d,0.210718
sa_k417n,uk_p681h,0.00600873
sa_k417n,uk_t716i,0.371349
sa_k417n,uk_s982a,0
sa_k417n,uk_d1118h,0
sa_k417n,sa_d9,1.14227
sa_k417n,sa_l18f,0
sa_k417n,sa_d80a,0.20092
sa_k417n,sa_d215g,0.395545
sa_k417n,sa_242-244d,0.207533
sa_k417n,sa_r246i,0.108413
sa_k417n,sa_k417n,0
sa_k417n,sa_e484k,1.04298
sa_k417n,sa_n501y,0.188866
sa_k417n,sa_a701v,0.0930496
sa_k417n,ng,0.377691
sa_k417n,kyg,1.3681
sa_k417n,kyng,1.13853
sa_e484k,victoria,0.636897
sa_e484k,b.1.1.7,0.305493
sa_e484k,b.1.351,0.860509
sa_e484k,p.1,0.688583
sa_e484k,b.1.617.1-pv,0.67897
sa_e484k,b.1.617.2,0
sa_e484k,wuhan-n501y,0.784009
sa_e484k,wuhan-e484k,0
sa_e484k,b.1.1.7-e484k,0.352103
sa_e484k,b.1.1.7ntd-e484k,0
sa_e484k,b.1.1.7ntd-n501y,0.817896
sa_e484k,b.1.351-e484k,0.3885
sa_e484k,b.1.351-n501y,0.477093
sa_e484k,b.1.351ntd-e484k,0.359654
sa_e484k,p.1-n501y,0.664457
sa_e484k,p.1-e484k,0.023928
sa_e484k,bristol,0.424994
sa_e484k,d614g,0.0691742
sa_e484k,p.2,0.402072
sa_e484k,moderna,0.804551
sa_e484k,pfizer,0.804551
sa_e484k,chadox1,0.804551
sa_e484k,uk_d8,0.86918
sa_e484k,uk_69-70d,0.847771
sa_e484k,uk_144d,0.785413
sa_e484k,uk_n501y,0.784009
sa_e484k,uk_a570d,0.8892
sa_e484k,uk_p681h,0.538947
sa_e484k,uk_t716i,1.01766
sa_e484k,uk_s982a,0.214248
sa_e484k,uk_d1118h,0.405086
sa_e484k,sa_d9,1.35295
sa_e484k,sa_l18f,1.02009
sa_e484k,sa_d80a,0.705945
sa_e484k,sa_d215g,0.737933
sa_e484k,sa_242-244d,0.79473
sa_e484k,sa_r246i,1.04065
sa_e484k,sa_k417n,1.04298
sa_e484k,sa_e484k,0
sa_e484k,sa_n501y,0.784009
sa_e484k,sa_a701v,0.86577
sa_e484k,ng,0
sa_e484k,kyg,0.356349
sa_e484k,kyng,0.306921
sa_n501y,victoria,0
sa_n501y,b.1.1.7,0.352103
sa_n501y,b.1.351,1.02528
sa_n501y,p.1,0.559361
sa_n501y,b.1.617.1-pv,0.386113
sa_n501y,b.1.617.2,0.594465
sa_n501y,wuhan-n501y,0
sa_n501y,wuhan-e484k,0.784009
sa_n501y,b.1.1.7-e484k,1.11676
sa_n501y,b.1.1.7ntd-e484k,0.47328
sa_n501y,b.1.1.7ntd-n501y,0
sa_n501y,b.1.351-e484k,0.68695
sa_n501y,b.1.351-n501y,0.3885
sa_n501y,b.1.351ntd-e484k,0.359394
sa_n501y,p.1-n501y,0.023928
sa_n501y,p.1-e484k,0.0695364
sa_n501y,bristol,1.13354
sa_n501y,d614g,0.452243
sa_n501y,p.2,1.16847
sa_n501y,moderna,0.0461914
sa_n501y,pfizer,0.0461914
sa_n501y,chadox1,0.0461914
sa_n501y,uk_d8,0.181883
sa_n501y,uk_69-70d,0.13225
sa_n501y,uk_144d,0.140849
sa_n501y,uk_n501y,0
sa_n501y,uk_a570d,0
sa_n501y,uk_p681h,0
sa_n501y,uk_t716i,0.0984607
sa_n501y,uk_s982a,0
sa_n501y,uk_d1118h,0
sa_n501y,sa_d9,1.25547
sa_n501y,sa_l18f,0.0514483
sa_n501y,sa_d80a,0
sa_n501y,sa_d215g,0.0300004
sa_n501y,sa_242-244d,0.233628
sa_n501y,sa_r246i,0.141625
sa_n501y,sa_k417n,0.188866
sa_n501y,sa_e484k,0.784009
sa_n501y,sa_n501y,0
sa_n501y,sa_a701v,0.292839
sa_n501y,ng,0.158036
sa_n501y,kyg,1.13598
sa_n501y,kyng,0.976775
sa_a701v,victoria,0.216704
sa_a701v,b.1.1.7,0.364109
sa_a701v,b.1.351,0.772486
sa_a701v,p.1,0.282725
sa_a701v,b.1.617.1-pv,0.188182
sa_a701v,b.1.617.2,0.74377
sa_a701v,wuhan-n501y,0.292839
sa_a701v,wuhan-e484k,0.86577
sa_a701v,b.1.1.7-e484k,1.13798
sa_a701v,b.1.1.7ntd-e484k,0.618017
sa_a701v,b.1.1.7ntd-n501y,0.259567
sa_a701v,b.1.351-e484k,0.471738
sa_a701v,b.1.351-n501y,0.10992
sa_a701v,b.1.351ntd-e484k,0.104007
sa_a701v,p.1-n501y,0
sa_a701v,p.1-e484k,0
sa_a701v,bristol,1.10989
sa_a701v,d614g,0.640566
sa_a701v,p.2,1.18964
sa_a701v,moderna,0.263677
sa_a701v,pfizer,0.263677
sa_a701v,chadox1,0.263677
sa_a701v,uk_d8,0.027504
sa_a701v,uk_69-70d,0.474188
sa_a701v,uk_144d,0.431692
sa_a701v,uk_n501y,0.292839
sa_a701v,uk_a570d,0.253293
sa_a701v,uk_p681h,0.153129
sa_a701v,uk_t716i,0.407524
sa_a701v,uk_s982a,0
sa_a701v,uk_d1118h,0.08742
sa_a701v,sa_d9,0.969406
sa_a701v,sa_l18f,0.056867
sa_a701v,sa_d80a,0.181986
sa_a701v,sa_d215g,0.337384
sa_a701v,sa_242-244d,0.0712265
sa_a701v,sa_r246i,0.216193
sa_a701v,sa_k417n,0.0930496
sa_a701v,sa_e484k,0.86577
sa_a701v,sa_n501y,0.292839
sa_a701v,sa_a701v,0
sa_a701v,ng,0.190593
sa_a701v,kyg,1.172
sa_a701v,kyng,0.923169
ng,victoria,0.054763
ng,b.1.1.7,0
ng,b.1.351,1.14227
ng,p.1,0.851112
ng,b.1.617.1-pv,0.171458
ng,b.1.617.2,0.589631
ng,wuhan-n501y,0.158036
ng,wuhan-e484k,0
ng,b.1.1.7-e484k,0.640858
ng,b.1.1.7ntd-e484k,0.277828
ng,b.1.1.7ntd-n501y,0.543336
ng,b.1.351-e484k,0.714937
ng,b.1.351-n501y,0.660978
ng,b.1.351ntd-e484k,0.556373
ng,p.1-n501y,0.731829
ng,p.1-e484k,0.207894
ng,bristol,0.700362
ng,d614g,0.353386
ng,p.2,0.677267
ng,moderna,0.196986
ng,pfizer,0.196986
ng,chadox1,0.196986
ng,uk_d8,0.201931
ng,uk_69-70d,0.638712
ng,uk_144d,0.20459
ng,uk_n501y,0.158036
ng,uk_a570d,0.732226
ng,uk_p681h,0
ng,uk_t716i,0.56402
ng,uk_s982a,0
ng,uk_d1118h,0
ng,sa_d9,1.54744
ng,sa_l18f,0.798543
ng,sa_d80a,0.481231
ng,sa_d215g,0.229243
ng,sa_242-244d,0.12044
ng,sa_r246i,0.391109
ng,sa_k417n,0.377691
ng,sa_e484k,0
ng,sa_n501y,0.158036
ng,sa_a701v,0.190593
ng,ng,0
ng,kyg,0.992097
ng,kyng,0.826269
kyg,victoria,0.992267
kyg,b.1.1.7,0.813821
kyg,b.1.351,1.1749
kyg,p.1,1.40411
kyg,b.1.617.1-pv,1.06548
kyg,b.1.617.2,0.599671
kyg,wuhan-n501y,1.13598
kyg,wuhan-e484k,0.356349
kyg,b.1.1.7-e484k,0.038737
kyg,b.1.1.7ntd-e484k,0.726785
kyg,b.1.1.7ntd-n501y,1.48587
kyg,b.1.351-e484k,0.647696
kyg,b.1.351-n501y,1.10188
kyg,b.1.351ntd-e484k,1.0103
kyg,p.1-n501y,1.68863
kyg,p.1-e484k,0.798373
kyg,bristol,0.181883
kyg,d614g,0.826269
kyg,p.2,0
kyg,moderna,1.16061
kyg,pfizer,1.16061
kyg,chadox1,1.16061
kyg,uk_d8,1.19077
kyg,uk_69-70d,1.50744
kyg,uk_144d,1.14109
kyg,uk_n501y,1.13598
kyg,uk_a570d,1.67858
kyg,uk_p681h,0.894307
kyg,uk_t716i,1.50571
kyg,uk_s982a,0.533093
kyg,uk_d1118h,0.761286
kyg,sa_d9,1.89305
kyg,sa_l18f,1.79064
kyg,sa_d80a,1.42972
kyg,sa_d215g,1.16961
kyg,sa_242-244d,1.10496
kyg,sa_r246i,1.38214
kyg,sa_k417n,1.3681
kyg,sa_e484k,0.356349
kyg,sa_n501y,1.13598
kyg,sa_a701v,1.172
kyg,ng,0.992097
kyg,kyg,0
kyg,kyng,0.353386
kyng,victoria,0.88095
kyng,b.1.1.7,0.624805
kyng,b.1.351,0.826267
kyng,p.1,1.11164
kyng,b.1.617.1-pv,0.761285
kyng,b.1.617.2,0.912696
kyng,wuhan-n501y,0.976775
kyng,wuhan-e484k,0.306921
kyng,b.1.1.7-e484k,0.06525
kyng,b.1.1.7ntd-e484k,0.742175
kyng,b.1.1.7ntd-n501y,1.36958
kyng,b.1.351-e484k,0.300755
kyng,b.1.351-n501y,0.776491
kyng,b.1.351ntd-e484k,0.705791
kyng,p.1-n501y,1.54051
kyng,p.1-e484k,0.569954
kyng,bristol,0
kyng,d614g,0.869187
kyng,p.2,0.0484076
kyng,moderna,1.02001
kyng,pfizer,1.02001
kyng,chadox1,1.02001
kyng,uk_d8,0.950657
kyng,uk_69-70d,1.4489
kyng,uk_144d,1.03044
kyng,uk_n501y,0.976775
kyng,uk_a570d,1.55833
kyng,uk_p681h,0.784779
kyng,uk_t716i,1.39029
kyng,uk_s982a,0.322958
kyng,uk_d1118h,0.645861
kyng,sa_d9,1.54594
kyng,sa_l18f,1.57298
kyng,sa_d80a,1.3075
kyng,sa_d215g,1.05465
kyng,sa_242-244d,0.868817
kyng,sa_r246i,1.18285
kyng,sa_k417n,1.13853
kyng,sa_e484k,0.306921
kyng,sa_n501y,0.976775
kyng,sa_a701v,0.923169
kyng,ng,0.826269
kyng,kyg,0.353386
kyng,kyng,0
